COD_RIP,COD_REG,COD_PROV,COD_CM,COD_UTS,PRO_COM,PRO_COM_T,COMUNE,COMUNE_A,CC_UTS,Shape_Leng,Shape_Area
1,1,2,0,2,2033,002033,Casanova Elvo,,0,17603.3695898,16296500.5502
1,1,2,0,2,2041,002041,Cervatto,,0,12306.3523153,9541463.81183
1,1,2,0,2,2043,002043,Civiasco,,0,14598.1453994,7365552.35724
1,1,2,0,2,2045,002045,Collobiano,,0,18851.3089871,8790177.30013
1,1,2,0,2,2048,002048,Cravagliana,,0,33654.0212761,35110908.659
1,1,2,0,2,2057,002057,Fobello,,0,23133.8990742,28864560.1768
1,1,2,0,2,2078,002078,Mollia,,0,17581.1546506,13835225.7281
1,1,2,0,2,2097,002097,Piode,,0,17225.5034894,13368567.6991
1,1,2,0,2,2110,002110,Rassa,,0,25879.5743067,43689536.0986
1,1,2,0,2,2113,002113,Rimella,,0,22422.4609715,25822011.1388
1,1,2,0,2,2121,002121,Rossa,,0,18972.9951522,11595672.8048
1,1,2,0,2,2126,002126,Salasco,,0,18131.7793985,12062003.9424
1,1,2,0,2,2127,002127,Sali Vercellese,,0,12740.6409567,8988003.41562
1,1,2,0,2,2134,002134,Scopa,,0,19013.632859,22318859.8271
1,1,2,0,2,2166,002166,Vocca,,0,23022.2496099,20237190.1751
1,1,2,0,2,2170,002170,Alto Sermenza,,0,35812.0210763,60186895.9499
1,1,3,0,3,3042,003042,Castellazzo Novarese,,0,14330.9885089,11294058.6596
1,1,3,0,3,3090,003090,Mandello Vitta,,0,9894.17662573,5651376.53288
1,1,3,0,3,3164,003164,Vinzaglio,,0,17852.3424938,15852173.601
1,1,4,0,4,4001,004001,Acceglio,,0,54267.1876653,152082803.538
1,1,4,0,4,4002,004002,Aisone,,0,32882.03995,36862445.2943
1,1,4,0,4,4004,004004,Albaretto della Torre,,0,9453.79597361,4710835.89438
1,1,4,0,4,4005,004005,Alto,,0,13573.6949113,7854766.73039
1,1,4,0,4,4006,004006,Argentera,,0,39212.6048125,76042753.3429
1,1,4,0,4,4007,004007,Arguello,,0,10019.0035476,4679932.60267
1,1,4,0,4,4011,004011,Barbaresco,,0,12277.0064513,7752217.8379
1,1,4,0,4,4013,004013,Barolo,,0,10504.2328912,5894516.31722
1,1,4,0,4,4014,004014,Bastia Mondovì,,0,17171.3524425,12733459.792
1,1,4,0,4,4015,004015,Battifollo,,0,17066.2279103,10573186.9252
1,1,4,0,4,4017,004017,Bellino,,0,35390.9487611,61765441.0885
1,1,4,0,4,4018,004018,Belvedere Langhe,,0,10441.3815778,4958516.48634
1,1,4,0,4,4020,004020,Benevello,,0,10583.741127,5197573.32708
1,1,4,0,4,4021,004021,Bergolo,,0,7442.11525325,3330309.69955
1,1,4,0,4,4023,004023,Bonvicino,,0,11893.6539936,7266016.41582
1,1,4,0,4,4024,004024,Borgomale,,0,15232.642503,8289328.4506
1,1,4,0,4,4026,004026,Bosia,,0,9306.23621394,5631104.53222
1,1,4,0,4,4030,004030,Briaglia,,0,11769.9663613,6192124.08947
1,1,4,0,4,4031,004031,Briga Alta,,0,50611.7851469,51829234.5344
1,1,4,0,4,4032,004032,Brondello,,0,14583.119527,10400690.1495
1,1,4,0,4,4038,004038,Canosio,,0,35284.6994072,48341320.6707
1,1,4,0,4,4039,004039,Caprauna,,0,12901.4887323,11655179.5099
1,1,4,0,4,4044,004044,Cartignano,,0,17175.9145826,7118658.6458
1,1,4,0,4,4047,004047,Casteldelfino,,0,26043.4057574,33751392.637
1,1,4,0,4,4050,004050,Castelletto Uzzone,,0,17189.834644,15226381.9346
1,1,4,0,4,4052,004052,Castellino Tanaro,,0,13673.9726651,11266895.4641
1,1,4,0,4,4053,004053,Castelmagno,,0,29850.0864545,49167964.0041
1,1,4,0,4,4054,004054,Castelnuovo di Ceva,,0,11031.1903216,6314900.69209
1,1,4,0,4,4055,004055,Castiglione Falletto,,0,9229.15026853,4595134.49168
1,1,4,0,4,4056,004056,Castiglione Tinella,,0,16998.7546252,11641386.0626
1,1,4,0,4,4057,004057,Castino,,0,19384.5649058,15565283.0522
1,1,4,0,4,4060,004060,Celle di Macra,,0,26050.7226527,31646366.4325
1,1,4,0,4,4063,004063,Cerretto Langhe,,0,15189.1375686,9813197.36328
1,1,4,0,4,4069,004069,Cigliè,,0,13517.5576738,5927329.86098
1,1,4,0,4,4070,004070,Cissone,,0,10191.9513631,6131690.93969
1,1,4,0,4,4071,004071,Clavesana,,0,22458.6784651,16727323.7434
1,1,4,0,4,4074,004074,Cossano Belbo,,0,18191.1284695,20752167.1647
1,1,4,0,4,4076,004076,Cravanzana,,0,12183.37296,8381374.02412
1,1,1,201,201,1010,001010,Andrate,,0,18344.8061596,9110445.21818
1,1,1,201,201,1017,001017,Baldissero Canavese,,0,9149.58585143,4514853.76229
1,1,1,201,201,1019,001019,Balme,,0,35564.940426,62888138.6794
1,1,1,201,201,1029,001029,Borgiallo,,0,16253.5714951,6965586.71726
1,1,1,201,201,1036,001036,Brosso,,0,17622.8127962,11156592.4665
1,1,1,201,201,1037,001037,Brozolo,,0,12998.6611477,9057895.54385
1,1,1,201,201,1052,001052,Canischio,,0,15166.8725625,12225019.425
1,1,1,201,201,1067,001067,Castelnuovo Nigra,,0,40078.5262584,28402118.5743
1,1,1,201,201,1073,001073,Ceresole Reale,,0,48786.4103933,100297692.932
1,1,1,201,201,1075,001075,Chialamberto,,0,26748.2700139,35527174.3741
1,1,1,201,201,1079,001079,Chiesanuova,,0,9072.59148061,4410460.56538
1,1,1,201,201,1083,001083,Ciconio,,0,7149.19830462,3242783.08849
1,1,1,201,201,1084,001084,Cintano,,0,22234.0749718,4805131.75422
1,1,1,201,201,1085,001085,Cinzano,,0,10468.1547449,6388678.32228
1,1,1,201,201,1091,001091,Colleretto Castelnuovo,,0,15990.0502715,6239964.3394
1,1,1,201,201,1095,001095,Cossano Canavese,,0,9120.71769643,2953645.20164
1,1,1,201,201,1096,001096,Cuceglio,,0,11745.8851166,6851959.74506
1,1,1,201,201,1100,001100,Exilles,,0,32204.6758815,46513834.7333
1,1,1,201,201,1108,001108,Frassinetto,,0,24641.0332646,24945107.9057
1,1,1,201,201,1111,001111,Garzigliana,,0,11446.549767,6977948.78498
1,1,1,201,201,1118,001118,Groscavallo,,0,44417.9720083,92209898.8875
1,1,1,201,201,1121,001121,Ingria,,0,22290.1303164,15153879.0577
1,1,1,201,201,1124,001124,Issiglio,,0,11492.3541821,5585644.35296
1,1,1,201,201,1131,001131,Lemie,,0,30618.9767647,45420673.8078
1,1,1,201,201,1141,001141,Lusigliè,,0,10906.9404903,4968531.44799
1,1,1,201,201,1145,001145,Massello,,0,27602.184136,37731621.6329
1,1,1,201,201,1153,001153,Mombello di Torino,,0,11407.1355644,4020491.24436
1,1,1,201,201,1155,001155,Monastero di Lanzo,,0,23517.1214117,17526582.957
1,1,1,201,201,1157,001157,Moncenisio,,0,10180.7215671,4484865.89333
1,1,1,201,201,1165,001165,Noasca,,0,37707.1735065,78364165.5944
1,1,1,201,201,1167,001167,Nomaglio,,0,6777.5100595,2967066.34036
1,1,1,201,201,1173,001173,Osasco,,0,10282.9107524,5715748.43762
1,1,1,201,201,1179,001179,Parella,,0,7940.73915519,2852016.00895
1,1,1,201,201,1186,001186,Perrero,,0,36718.2293943,62807281.782
1,1,1,201,201,1187,001187,Pertusio,,0,9134.37661613,3903096.11488
1,1,1,201,201,1188,001188,Pessinetto,,0,11692.6924056,5656119.54328
1,1,1,201,201,1200,001200,Porte,,0,9492.40016255,4723455.50661
1,1,1,201,201,1202,001202,Prali,,0,41108.7775754,72368357.9549
1,1,1,201,201,1204,001204,Pramollo,,0,18490.6653176,22554198.1696
1,1,1,201,201,1206,001206,Prascorsano,,0,15499.8109023,6343406.96423
1,1,1,201,201,1208,001208,Quagliuzzo,,0,6161.15978186,1941820.13602
1,1,1,201,201,1212,001212,Ribordone,,0,32966.396458,43570468.4157
1,1,1,201,201,1213,001213,Rivalba,,0,14574.1786585,10548274.7813
1,1,1,201,201,1224,001224,Ronco Canavese,,0,51275.2581423,96713191.17
1,1,1,201,201,1226,001226,Rorà,,0,15622.3835071,12452238.53
1,1,1,201,201,1230,001230,Rueglio,,0,17780.3441245,14935139.5342
1,1,1,201,201,1234,001234,Salza di Pinerolo,,0,20883.0057079,16138691.6367
1,1,1,201,201,1238,001238,San Colombano Belmonte,,0,9809.91093906,3488852.03821
1,1,1,201,201,1247,001247,San Martino Canavese,,0,17913.7133151,9989926.63546
1,1,1,201,201,1253,001253,San Sebastiano da Po,,0,15751.8702943,16299608.0259
1,1,1,201,201,1262,001262,Sciolze,,0,15547.5956478,11633584.151
1,1,1,201,201,1266,001266,Settimo Vittone,,0,23507.8051868,23389829.4975
1,1,1,201,201,1268,001268,Strambinello,,0,6531.43933826,2150125.78904
1,1,1,201,201,1271,001271,Tavagnasco,,0,13087.993732,8556596.40387
1,1,1,201,201,1278,001278,Traversella,,0,44886.7530254,39224975.2313
1,1,1,201,201,1279,001279,Traves,,0,14145.0861127,10351615.5701
1,1,1,201,201,1281,001281,Usseaux,,0,27072.1745247,38504202.3404
1,1,1,201,201,1282,001282,Usseglio,,0,43692.7343091,98773058.716
1,1,1,201,201,1288,001288,Valprato Soana,,0,37503.4773242,71543100.9291
1,1,1,201,201,1296,001296,Vialfrè,,0,11707.8088966,4821922.41738
1,1,1,201,201,1298,001298,Vidracco,,0,7186.33880702,3160456.25439
1,1,1,201,201,1312,001312,Vistrorio,,0,17577.2526378,4718581.36011
1,1,2,0,2,2008,002008,Balmuccia,,0,18252.4972003,10077002.4327
1,1,2,0,2,2009,002009,Balocco,,0,23068.4240533,16825557.2409
1,1,2,0,2,2014,002014,Boccioleto,,0,25805.7920164,33913218.4037
1,1,2,0,2,2025,002025,Campertogno,,0,31673.2604543,34338574.4272
1,1,2,0,2,2029,002029,Carcoforo,,0,18437.5489083,22700057.2494
1,3,97,0,97,97055,097055,Morterone,,0,18997.4138281,13622504.2098
1,3,97,0,97,97063,097063,Pagnona,,0,12266.6574772,9111194.08146
1,3,97,0,97,97064,097064,Parlasco,,0,7189.01288763,3215365.96858
1,3,97,0,97,97077,097077,Sueglio,,0,8442.42130265,4327291.47701
1,3,97,0,97,97085,097085,Vendrogno,,0,16060.7489017,12284226.5932
1,1,6,0,6,6083,006083,Gremiasco,,0,23338.3961456,16404592.709
1,1,6,0,6,6084,006084,Grognardo,,0,12354.0111998,9154152.18389
1,1,6,0,6,6085,006085,Grondona,,0,26739.0345143,26949749.2368
1,1,6,0,6,6086,006086,Guazzora,,0,12463.8144309,2898645.39822
1,1,6,0,6,6090,006090,Malvicino,,0,13663.0273725,8976200.27448
1,1,6,0,6,6091,006091,Masio,,0,29420.9788672,22955911.9507
1,1,6,0,6,6092,006092,Melazzo,,0,23850.2986191,19027832.2843
1,1,6,0,6,6093,006093,Merana,,0,14457.0605056,9410359.03931
1,1,6,0,6,6097,006097,Mombello Monferrato,,0,25219.9360134,19140821.9065
1,1,6,0,6,6098,006098,Momperone,,0,13533.3045128,8760552.4722
1,1,6,0,6,6099,006099,Moncestino,,0,10968.3196735,6357181.86181
1,1,6,0,6,6100,006100,Mongiardino Ligure,,0,28568.1495896,29013316.1682
1,1,6,0,6,6102,006102,Montacuto,,0,22213.1616853,23754393.9328
1,1,6,0,6,6103,006103,Montaldeo,,0,11131.5997323,5230379.8629
1,1,6,0,6,6104,006104,Montaldo Bormida,,0,12375.7070299,5670851.262
1,1,6,0,6,6105,006105,Montecastello,,0,11394.9255191,7814575.00068
1,1,6,0,6,6107,006107,Montegioco,,0,12990.0780178,5138577.62033
1,1,6,0,6,6108,006108,Montemarzino,,0,14722.7565177,10073597.4608
1,1,6,0,6,6110,006110,Morbello,,0,24642.0452348,24087616.661
1,1,6,0,6,6112,006112,Morsasco,,0,12930.2808871,10459868.0732
1,1,6,0,6,6116,006116,Odalengo Grande,,0,19825.4398659,15086807.9629
1,1,6,0,6,6117,006117,Odalengo Piccolo,,0,11695.9558126,7340204.31374
1,1,6,0,6,6118,006118,Olivola,,0,6810.8771404,2932360.85989
1,1,6,0,6,6119,006119,Orsara Bormida,,0,9052.12833377,4912881.78949
1,1,6,0,6,6124,006124,Paderna,,0,8092.48383383,4496093.52704
1,1,6,0,6,6125,006125,Pareto,,0,33744.8271981,41805968.2999
1,1,6,0,6,6126,006126,Parodi Ligure,,0,16367.750941,12430404.0506
1,7,8,0,8,8010,008010,Borgomaro,,0,29171.5591709,23195287.0895
1,7,8,0,8,8012,008012,Caravonica,,0,9087.90719431,4551697.78689
1,7,8,0,8,8014,008014,Castellaro,,0,14819.9810486,7854059.81688
1,7,8,0,8,8015,008015,Castel Vittorio,,0,28520.4945801,25883293.6446
1,7,8,0,8,8016,008016,Ceriana,,0,25511.3977088,32596161.5486
1,7,8,0,8,8018,008018,Cesio,,0,16379.8390653,8838612.03475
1,7,8,0,8,8019,008019,Chiusanico,,0,17161.1802704,13844724.7919
1,7,8,0,8,8020,008020,Chiusavecchia,,0,13474.4260561,3798384.75041
1,7,8,0,8,8022,008022,Civezza,,0,9182.06019578,4034350.1285
1,7,8,0,8,8023,008023,Cosio d'Arroscia,,0,33702.1534672,40790897.3804
1,7,8,0,8,8028,008028,Diano San Pietro,,0,17739.0551504,12405941.2384
1,7,8,0,8,8029,008029,Dolceacqua,,0,27356.5250814,19886803.3185
1,7,8,0,8,8032,008032,Isolabona,,0,29138.4481105,12565676.9273
1,7,8,0,8,8033,008033,Lucinasco,,0,11178.6708048,7885462.73579
1,7,8,0,8,8034,008034,Mendatica,,0,28632.8842836,30723533.7586
1,7,8,0,8,8035,008035,Molini di Triora,,0,36602.4174753,58060301.8454
1,7,8,0,8,8037,008037,Montegrosso Pian Latte,,0,13072.3724517,10133131.7462
1,7,8,0,8,8038,008038,Olivetta San Michele,,0,18332.3162198,13918380.2358
1,7,8,0,8,8040,008040,Perinaldo,,0,18555.3455129,20083074.2945
1,7,8,0,8,8041,008041,Pietrabruna,,0,15547.4151937,10311499.6972
1,7,8,0,8,8044,008044,Pompeiana,,0,10977.8403733,5271076.15715
1,7,8,0,8,8046,008046,Pornassio,,0,27060.8379463,26255370.9973
1,7,8,0,8,8047,008047,Prelà,,0,17145.4041239,14475982.7309
1,1,5,0,5,5110,005110,Tonengo,,0,9439.55647077,5457367.31184
1,1,5,0,5,5111,005111,Vaglio Serra,,0,10855.9573993,4421162.94394
1,1,5,0,5,5113,005113,Vesime,,0,17977.878985,12930585.7676
1,1,5,0,5,5114,005114,Viale,,0,8834.86862464,4056650.62649
1,1,5,0,5,5116,005116,Vigliano d'Asti,,0,16510.3792038,6551080.42291
1,1,5,0,5,5119,005119,Villa San Secondo,,0,19799.6771805,5969918.13172
1,1,5,0,5,5120,005120,Vinchio,,0,14555.0134707,9567352.10158
1,1,5,0,5,5121,005121,Montiglio Monferrato,,0,26754.9025809,26981477.5947
1,1,6,0,6,6002,006002,Albera Ligure,,0,21786.8698142,21435737.3577
1,1,6,0,6,6004,006004,Alfiano Natta,,0,19675.3305343,12998810.0141
1,1,6,0,6,6005,006005,Alice Bel Colle,,0,20508.7224994,13180532.2119
1,1,6,0,6,6010,006010,Avolasca,,0,15419.1318826,12190200.533
1,1,6,0,6,6014,006014,Belforte Monferrato,,0,18452.7821087,8366333.36741
1,1,6,0,6,6016,006016,Berzano di Tortona,,0,6790.45292143,2853882.6453
1,3,17,0,17,17202,017202,Vione,,0,30572.3597285,35544787.7606
1,3,18,0,18,18007,018007,Bagnaria,,0,19725.6920583,16774577.0354
1,3,18,0,18,18017,018017,Borgoratto Mormorolo,,0,16309.8061574,16467638.6398
1,3,18,0,18,18021,018021,Brallo di Pregola,,0,33858.1512496,45884998.7923
1,3,18,0,18,18025,018025,Calvignano,,0,10630.9016782,6880798.46686
3,9,51,0,51,51027,051027,Ortignano Raggiolo,,0,31772.517864,36654533.6524
3,9,52,0,52,52024,052024,Radicofani,,0,54066.2492771,117777658.081
3,9,52,0,52,52025,052025,Radicondoli,,0,61898.0088395,132835121.592
4,15,64,0,64,64013,064013,Cairano,,0,16850.8148985,13626680.2702
4,15,64,0,64,64027,064027,Chianche,,0,15463.631083,6435658.61052
1,1,6,0,6,6134,006134,Ponti,,0,15754.5261364,11714918.1354
1,1,6,0,6,6135,006135,Ponzano Monferrato,,0,14994.2361999,11439113.6254
1,1,6,0,6,6136,006136,Ponzone,,0,44956.2147,68991567.7413
1,1,6,0,6,6137,006137,Pozzol Groppo,,0,17200.5557058,14512122.9883
1,1,6,0,6,6139,006139,Prasco,,0,11407.3354557,5508982.4392
1,1,6,0,6,6143,006143,Ricaldone,,0,19342.9967078,9966901.70181
1,1,6,0,6,6145,006145,Rivarone,,0,10758.2747364,6549846.46938
1,1,6,0,6,6146,006146,Roccaforte Ligure,,0,25386.1765496,20413388.1617
1,1,6,0,6,6147,006147,Rocca Grimalda,,0,18495.3219865,15433007.4745
1,1,6,0,6,6148,006148,Rocchetta Ligure,,0,14626.0061826,10136905.3648
1,1,6,0,6,6149,006149,Rosignano Monferrato,,0,22956.7373641,19045458.3924
1,1,6,0,6,6150,006150,Sala Monferrato,,0,11314.2318128,7561259.75501
1,1,6,0,6,6153,006153,San Giorgio Monferrato,,0,11052.4676799,7160290.68456
1,1,6,0,6,6155,006155,San Sebastiano Curone,,0,9075.94618353,4078628.82477
1,1,6,0,6,6156,006156,Sant'Agata Fossili,,0,12447.2994301,7736214.06227
1,1,6,0,6,6157,006157,Sardigliano,,0,18287.3019482,12623924.427
1,1,6,0,6,6158,006158,Sarezzano,,0,17111.9319945,14169089.5448
1,1,6,0,6,6164,006164,Solonghello,,0,11425.6510405,5165766.8405
1,1,6,0,6,6165,006165,Spigno Monferrato,,0,42415.5230719,54468234.0025
1,1,6,0,6,6166,006166,Spineto Scrivia,,0,9447.50335996,3855293.65724
1,1,6,0,6,6172,006172,Terzo,,0,12678.0032821,8703027.74694
1,1,6,0,6,6175,006175,Treville,,0,8545.29421294,4738239.84722
1,1,6,0,6,6176,006176,Trisobbio,,0,14828.9846356,8348567.94187
1,1,6,0,6,6182,006182,Villadeati,,0,16716.8427655,14593811.4614
1,1,6,0,6,6184,006184,Villamiroglio,,0,12318.484293,10305244.4798
1,1,6,0,6,6189,006189,Volpeglino,,0,7543.36504286,3620647.08034
1,2,7,0,7,7001,007001,Allein,,0,12436.2286372,8191165.29197
1,2,7,0,7,7006,007006,Avise,,0,56297.8846398,52328168.5645
1,2,7,0,7,7010,007010,Bionaz,,0,62091.2084824,141668429.979
1,2,7,0,7,7011,007011,Brissogne,,0,24039.4543562,25758912.9988
1,2,7,0,7,7015,007015,Chambave,,0,23517.3457295,21318916.1621
1,2,7,0,7,7016,007016,Chamois,,0,17005.1211313,14666607.5503
1,2,7,0,7,7018,007018,Champorcher,,0,39373.2501008,68041034.2839
1,2,7,0,7,7024,007024,Doues,,0,22272.4614172,15999867.317
1,2,7,0,7,7025,007025,Emarèse,,0,14110.6258304,9882270.68491
1,2,7,0,7,7026,007026,Etroubles,,0,29956.4747982,40314937.2237
1,2,7,0,7,7028,007028,Fontainemore,,0,26623.6096915,31531394.2798
1,2,7,0,7,7029,007029,Gaby,,0,26175.4521441,32064965.1913
1,2,7,0,7,7032,007032,Gressoney-La-Trinitè,,0,34629.1133378,66033593.0665
1,2,7,0,7,7036,007036,Issime,,0,27891.7642209,35327390.2578
1,2,7,0,7,7039,007039,La Magdeleine,,0,14591.0672914,8894989.10802
1,2,7,0,7,7042,007042,Lillianes,,0,24634.2243578,18854657.2028
1,2,7,0,7,7046,007046,Ollomont,,0,32839.3773291,53495805.1097
1,2,7,0,7,7047,007047,Oyace,,0,27785.612624,30305090.6387
1,2,7,0,7,7048,007048,Perloz,,0,24383.486521,22981079.9436
1,2,7,0,7,7050,007050,Pontboset,,0,24768.3533075,33404630.9139
1,2,7,0,7,7055,007055,Rhemes-Notre-Dame,,0,42428.493872,86636703.063
1,2,7,0,7,7056,007056,Rhemes-Saint-Georges,,0,25540.1673716,36731822.1701
1,2,7,0,7,7059,007059,Saint-Denis,,0,16445.5455806,10952953.1433
1,2,7,0,7,7061,007061,Saint-Nicolas,,0,21167.7669554,15592600.6899
1,2,7,0,7,7062,007062,Saint-Oyen,,0,17910.1963028,9280741.46198
1,2,7,0,7,7064,007064,Saint-Rhémy-en-Bosses,,0,36094.6436136,64911699.6545
1,2,7,0,7,7068,007068,Valgrisenche,,0,48960.2682234,113151767.847
1,2,7,0,7,7070,007070,Valsavarenche,,0,55821.1111063,138379789.474
1,2,7,0,7,7072,007072,Verrayes,,0,20067.2315446,22952147.2763
1,7,8,0,8,8001,008001,Airole,,0,18466.8049395,14651886.8667
1,7,8,0,8,8002,008002,Apricale,,0,33421.050586,19889416.297
1,7,8,0,8,8003,008003,Aquila d'Arroscia,,0,17447.9743847,9532836.26696
1,7,8,0,8,8004,008004,Armo,,0,12375.2756453,10256869.793
1,7,8,0,8,8005,008005,Aurigo,,0,12918.2127222,9298711.13127
1,7,8,0,8,8006,008006,Badalucco,,0,22713.6596768,16168132.186
1,7,8,0,8,8007,008007,Bajardo,,0,29516.4837479,24104287.1713
1,7,8,0,8,8009,008009,Borghetto d'Arroscia,,0,29514.47494,26171088.0933
1,7,8,0,8,8048,008048,Ranzo,,0,17328.0539744,10906235.3063
1,7,8,0,8,8051,008051,Rocchetta Nervina,,0,23368.193342,15127413.2223
1,7,8,0,8,8053,008053,San Biagio della Cima,,0,12133.7166756,4248677.40798
1,7,8,0,8,8057,008057,Seborga,,0,9169.99352061,5024488.67094
1,7,8,0,8,8058,008058,Soldano,,0,7618.88507543,3557475.77213
1,7,8,0,8,8060,008060,Terzorio,,0,6387.1471789,1951200.98745
1,7,8,0,8,8061,008061,Triora,,0,37522.8614661,68095140.6559
1,7,8,0,8,8062,008062,Vallebona,,0,12046.4012434,5623137.71153
1,7,8,0,8,8064,008064,Vasia,,0,19148.4861173,10915956.8408
1,7,8,0,8,8066,008066,Vessalico,,0,19405.5653933,10274626.5127
1,7,8,0,8,8067,008067,Villa Faraldi,,0,13436.1608787,9543702.48996
1,7,8,0,8,8068,008068,Montalto Carpasio,,0,32331.3401448,29684645.6993
1,7,9,0,9,9007,009007,Arnasco,,0,12329.338513,6239828.58167
1,7,9,0,9,9008,009008,Balestrino,,0,12839.6175964,11450530.5109
1,7,9,0,9,9014,009014,Bormida,,0,22319.9190565,22416397.7832
1,7,9,0,9,9019,009019,Casanova Lerrone,,0,24262.4925919,23888479.7202
1,1,4,0,4,4077,004077,Crissolo,,0,30062.4104423,51968516.7761
1,1,4,0,4,4083,004083,Elva,,0,22421.2998881,26158731.9275
1,1,4,0,4,4092,004092,Frassino,,0,17068.9589728,17139242.8523
1,1,4,0,4,4094,004094,Gambasca,,0,11835.2373025,5707123.37814
1,1,4,0,4,4097,004097,Gorzegno,,0,15973.0580927,13705708.5242
1,1,4,0,4,4098,004098,Gottasecca,,0,15392.7259755,13429009.382
1,1,4,0,4,4102,004102,Igliano,,0,8034.88420234,3377713.14402
1,1,4,0,4,4103,004103,Isasca,,0,9463.83588328,5342712.22917
1,1,4,0,4,4106,004106,Lequio Berria,,0,15428.0698751,12221178.9683
1,1,4,0,4,4107,004107,Lequio Tanaro,,0,19599.0443723,12250399.8215
1,1,4,0,4,4109,004109,Levice,,0,18027.3730072,15860966.2212
1,1,4,0,4,4111,004111,Lisio,,0,12498.6087613,8509420.38805
1,1,4,0,4,4112,004112,Macra,,0,27706.2082034,24514163.7065
1,1,4,0,4,4115,004115,Mango,,0,23181.39203,19825540.5302
1,1,4,0,4,4119,004119,Marmora,,0,32113.8665175,40847103.6098
1,1,4,0,4,4120,004120,Marsaglia,,0,19866.6415707,12646017.7067
1,1,4,0,4,4122,004122,Melle,,0,23099.649642,28153493.0991
1,1,4,0,4,4124,004124,Mombarcaro,,0,21499.583654,19907800.5023
1,1,4,0,4,4127,004127,Monasterolo Casotto,,0,15246.1053734,8029737.03426
1,1,4,0,4,4135,004135,Montaldo Roero,,0,22687.5698818,11824457.9135
1,1,4,0,4,4137,004137,Montelupo Albese,,0,11593.3127307,6436217.4115
1,1,4,0,4,4138,004138,Montemale di Cuneo,,0,16988.3512571,11470752.2581
1,1,4,0,4,4139,004139,Monterosso Grana,,0,28914.8417797,42122120.0168
1,1,4,0,4,4141,004141,Montezemolo,,0,11892.0050918,7127222.83244
1,1,4,0,4,4149,004149,Neviglie,,0,12648.961327,7826017.56214
1,1,4,0,4,4150,004150,Niella Belbo,,0,14116.801996,11213151.126
1,1,4,0,4,4154,004154,Oncino,,0,31869.4625598,47348185.987
1,1,4,0,4,4156,004156,Ostana,,0,16178.4217487,14350670.2528
1,1,4,0,4,4158,004158,Pagno,,0,14336.5077226,8617356.91695
1,1,4,0,4,4159,004159,Pamparato,,0,29471.9031669,34338068.1068
1,1,4,0,4,4160,004160,Paroldo,,0,13807.5232805,12610657.0642
1,1,4,0,4,4161,004161,Perletto,,0,16484.1485493,9620578.43819
1,1,4,0,4,4162,004162,Perlo,,0,13725.9577117,10221390.394
1,1,4,0,4,4164,004164,Pezzolo Valle Uzzone,,0,22517.4597243,26876848.5071
1,1,4,0,4,4167,004167,Pietraporzio,,0,32862.6342004,55909265.1564
1,1,4,0,4,4169,004169,Piozzo,,0,15749.3614218,14386575.1614
1,1,4,0,4,4172,004172,Pontechianale,,0,39231.4935503,95077394.3101
1,1,4,0,4,4174,004174,Prazzo,,0,30598.9127601,52475475.4964
1,1,4,0,4,4178,004178,Prunetto,,0,18600.4083748,14850205.0974
1,1,4,0,4,4182,004182,Rittana,,0,17534.0073456,11203898.0477
1,1,4,0,4,4183,004183,Roaschia,,0,21060.2369142,23468871.6027
1,1,4,0,4,4184,004184,Roascio,,0,10425.2088934,6312819.41982
1,1,4,0,4,4188,004188,Rocca Cigliè,,0,12849.8067594,7353868.20535
1,1,4,0,4,4193,004193,Rocchetta Belbo,,0,10041.0601584,4609747.83492
1,1,4,0,4,4195,004195,Roddino,,0,18608.9333588,10413524.3385
1,1,4,0,4,4196,004196,Rodello,,0,12950.7887387,9140019.63715
1,1,4,0,4,4204,004204,Sambuco,,0,28569.4399328,46304371.7323
1,1,4,0,4,4206,004206,San Benedetto Belbo,,0,10605.014731,5211512.21086
1,1,4,0,4,4214,004214,Santo Stefano Roero,,0,23587.8920456,13379292.9865
1,1,4,0,4,4216,004216,Scagnello,,0,14600.4824276,8967808.84934
1,1,4,0,4,4218,004218,Serralunga d'Alba,,0,16418.4168839,8682390.36078
1,1,4,0,4,4220,004220,Sinio,,0,14567.062568,8529782.3606
1,1,4,0,4,4221,004221,Somano,,0,13980.0683715,12195168.8479
1,1,4,0,4,4224,004224,Stroppo,,0,21927.3934642,28402686.0592
1,1,4,0,4,4226,004226,Torre Bormida,,0,13996.2249114,6930915.70368
1,1,4,0,4,4227,004227,Torre Mondovì,,0,20419.7837424,18346216.3537
1,1,4,0,4,4229,004229,Torresina,,0,7779.02132406,3867449.29216
1,1,4,0,4,4230,004230,Treiso,,0,15960.7096414,9806282.04737
1,1,4,0,4,4231,004231,Trezzo Tinella,,0,15602.713106,10603212.4683
1,1,4,0,4,4235,004235,Valloriate,,0,18465.3057882,17069388.2168
1,1,4,0,4,4238,004238,Verduno,,0,11726.1078555,7228016.79505
1,1,4,0,4,4249,004249,Viola,,0,19384.9812504,20906327.013
1,1,5,0,5,5001,005001,Agliano Terme,,0,15480.0830377,15229838.4812
1,1,5,0,5,5002,005002,Albugnano,,0,13260.3004633,9831454.1065
1,1,5,0,5,5003,005003,Antignano,,0,15614.1800315,10979199.6086
1,1,5,0,5,5004,005004,Aramengo,,0,15605.7637453,11184820.3948
1,1,5,0,5,5006,005006,Azzano d'Asti,,0,11377.596262,6419490.17349
1,1,5,0,5,5008,005008,Belveglio,,0,11153.1528123,5343717.22044
1,1,5,0,5,5009,005009,Berzano di San Pietro,,0,11139.8893149,7305425.26664
1,1,5,0,5,5011,005011,Bubbio,,0,18056.9259669,16032335.8432
1,1,5,0,5,5015,005015,Calosso,,0,16604.5011399,15925755.9753
1,1,5,0,5,5019,005019,Capriglio,,0,9807.82460887,5006202.84164
1,1,5,0,5,5020,005020,Casorzo,,0,13639.1698417,12925643.2071
1,1,5,0,5,5021,005021,Cassinasco,,0,15981.5997065,11911440.1287
1,1,5,0,5,5024,005024,Castel Boglione,,0,15569.1115647,11927511.0533
1,1,5,0,5,5026,005026,Castellero,,0,8971.39803236,4399634.58972
1,1,5,0,5,5027,005027,Castelletto Molina,,0,7784.26069099,3229050.95348
1,1,5,0,5,5030,005030,Castelnuovo Calcea,,0,11815.7475873,8201590.22013
1,1,5,0,5,5032,005032,Castel Rocchero,,0,10169.8730388,5712141.81761
1,1,5,0,5,5034,005034,Celle Enomondo,,0,11017.650313,5854594.3128
1,1,5,0,5,5035,005035,Cerreto d'Asti,,0,10958.840647,4157053.60512
1,1,5,0,5,5037,005037,Cessole,,0,17879.1570452,12044656.7926
1,1,5,0,5,5038,005038,Chiusano d'Asti,,0,6826.94056217,2240697.20013
1,1,5,0,5,5039,005039,Cinaglio,,0,14429.1894238,5880817.35071
1,1,5,0,5,5041,005041,Coazzolo,,0,8185.00736754,3903543.10899
1,1,5,0,5,5044,005044,Corsione,,0,11321.3282566,5283425.2731
1,1,5,0,5,5045,005045,Cortandone,,0,10136.7829445,4923356.29456
1,1,5,0,5,5046,005046,Cortanze,,0,9690.75761588,4518803.14592
1,1,5,0,5,5047,005047,Cortazzone,,0,15740.5160429,10283399.9346
1,1,5,0,5,5048,005048,Cortiglione,,0,12582.8026996,8251470.55327
1,1,5,0,5,5049,005049,Cossombrato,,0,12549.333005,5564018.54586
1,1,5,0,5,5051,005051,Cunico,,0,11549.0645071,6884748.18521
1,1,5,0,5,5054,005054,Fontanile,,0,14639.3804898,7882835.66927
1,1,5,0,5,5055,005055,Frinco,,0,12204.6669557,7051455.50185
1,1,5,0,5,5057,005057,Grazzano Badoglio,,0,14207.0842577,10227979.9729
1,1,5,0,5,5060,005060,Loazzolo,,0,24200.7694971,14566451.3753
1,1,5,0,5,5061,005061,Maranzana,,0,14000.1345809,4193914.95601
1,1,5,0,5,5062,005062,Maretto,,0,9961.73519175,5213047.96804
1,1,5,0,5,5063,005063,Moasca,,0,8952.83501011,4138852.28924
1,1,5,0,5,5064,005064,Mombaldone,,0,16716.0981714,12068519.3362
1,1,5,0,5,5065,005065,Mombaruzzo,,0,27866.2379676,22386806.2099
1,1,5,0,5,5070,005070,Moncucco Torinese,,0,21182.0663316,14634564.3081
1,1,5,0,5,5071,005071,Mongardino,,0,11909.2213006,6825098.94019
1,1,5,0,5,5072,005072,Montabone,,0,12970.73568,8520363.15227
1,1,5,0,5,5073,005073,Montafia,,0,17895.8904593,14496272.7391
1,1,5,0,5,5079,005079,Moransengo,,0,9598.56113697,5375128.28022
1,1,5,0,5,5081,005081,Olmo Gentile,,0,10647.2403446,5872215.84925
1,1,5,0,5,5082,005082,Passerano Marmorito,,0,18472.1253896,11978339.543
1,1,5,0,5,5083,005083,Penango,,0,15242.1774392,9413403.10739
1,1,5,0,5,5084,005084,Piea,,0,12391.1056596,8886808.94356
1,1,5,0,5,5085,005085,Pino d'Asti,,0,10361.5262706,3635488.75176
1,1,5,0,5,5086,005086,Piovà Massaia,,0,16716.6797487,11231793.8275
1,1,5,0,5,5088,005088,Quaranti,,0,7995.86177144,2824768.0093
1,1,5,0,5,5090,005090,Revigliasco d'Asti,,0,15938.8879829,8510068.06775
1,1,5,0,5,5091,005091,Roatto,,0,10816.583298,6520173.31583
1,1,5,0,5,5092,005092,Robella,,0,17785.4678855,12018020.6281
1,1,5,0,5,5093,005093,Rocca d'Arazzo,,0,15786.6895061,12474784.7554
1,1,5,0,5,5094,005094,Roccaverano,,0,25801.605838,29844447.3101
1,1,5,0,5,5095,005095,Rocchetta Palafea,,0,11202.5681341,7538484.98816
1,1,5,0,5,5098,005098,San Giorgio Scarampi,,0,12908.8066003,6146942.62328
1,1,5,0,5,5099,005099,San Martino Alfieri,,0,10845.3659258,7009136.45541
1,1,5,0,5,5100,005100,San Marzano Oliveto,,0,13167.8457913,9902363.05801
1,1,5,0,5,5103,005103,Scurzolengo,,0,10261.4210495,5521497.58244
1,1,5,0,5,5104,005104,Serole,,0,15963.412875,11781282.6781
1,1,5,0,5,5105,005105,Sessame,,0,11655.9918611,8462188.52979
1,1,5,0,5,5106,005106,Settime,,0,12477.1331359,6681681.37346
1,1,5,0,5,5107,005107,Soglio,,0,10732.2871548,3048081.23685
1,1,5,0,5,5108,005108,Tigliole,,0,17037.9170351,16626266.0018
1,1,6,0,6,6024,006024,Brignano-Frascata,,0,17226.2195953,17472092.3378
1,1,6,0,6,6025,006025,Cabella Ligure,,0,40083.185721,46636686.186
1,1,6,0,6,6027,006027,Camino,,0,19483.7228057,18357688.6288
1,1,6,0,6,6028,006028,Cantalupo Ligure,,0,26736.7164208,24379537.2592
1,1,6,0,6,6031,006031,Carentino,,0,15090.4097448,9767709.88199
1,1,6,0,6,6032,006032,Carezzano,,0,18382.8192056,10276783.2086
1,1,6,0,6,6033,006033,Carpeneto,,0,17586.6541777,13736336.6895
1,1,6,0,6,6034,006034,Carrega Ligure,,0,31079.3468833,54931699.1464
1,1,6,0,6,6037,006037,Casal Cermelli,,0,20854.0823095,12618334.0099
1,1,6,0,6,6038,006038,Casaleggio Boiro,,0,22025.7895602,12338726.7958
1,1,6,0,6,6041,006041,Casasco,,0,12414.5314042,9206770.31068
1,1,6,0,6,6044,006044,Cassinelle,,0,22651.6633338,23751723.5296
1,1,6,0,6,6045,006045,Castellania,,0,11729.7174039,7330505.4501
1,1,6,0,6,6048,006048,Castelletto d'Erro,,0,10716.557548,4992526.8126
1,1,6,0,6,6050,006050,Castelletto Merli,,0,17183.2449931,11625281.4751
1,1,6,0,6,6055,006055,Cavatore,,0,13720.8961877,11194825.4467
1,1,6,0,6,6056,006056,Cella Monte,,0,11119.8385293,5821421.8824
1,1,6,0,6,6058,006058,Cerreto Grue,,0,8892.58141075,4897489.45663
1,1,6,0,6,6061,006061,Conzano,,0,14019.606989,11737670.8365
1,1,6,0,6,6062,006062,Costa Vescovato,,0,16283.1024856,7758529.61729
1,1,6,0,6,6063,006063,Cremolino,,0,18582.7714885,15165309.8445
1,1,6,0,6,6066,006066,Dernice,,0,19705.21131,18210772.1184
1,1,6,0,6,6067,006067,Fabbrica Curone,,0,34243.0606891,53929086.7251
1,1,6,0,6,6069,006069,Fraconalto,,0,19935.8881962,17858924.949
1,1,6,0,6,6072,006072,Frassinello Monferrato,,0,12072.9128313,8484309.49717
1,1,6,0,6,6077,006077,Gabiano,,0,20253.4412273,17941846.9288
1,1,6,0,6,6078,006078,Gamalero,,0,17842.0434668,12139775.0479
1,3,13,0,13,13030,013030,Brienno,,0,13252.4911353,8872656.28773
1,3,13,0,13,13040,013040,Campione d'Italia,,0,7070.82333231,2832807.90459
1,3,13,0,13,13062,013062,Cavargna,,0,17154.1466696,15021763.172
1,3,13,0,13,13085,013085,Cusino,,0,16424.8453236,9694362.55667
1,3,16,0,16,16134,016134,Mezzoldo,,0,24768.0400139,18985447.1793
1,3,16,0,16,16148,016148,Oneta,,0,20262.3704497,18871562.8559
1,3,16,0,16,16151,016151,Ornica,,0,19933.6893439,14896379.2545
1,3,16,0,16,16159,016159,Parzanica,,0,12320.4538999,10014986.4919
3,10,54,0,54,54032,054032,Monte Santa Maria Tiberina,,0,51522.2773333,72533088.8569
3,10,54,0,54,54033,054033,Montone,,0,45445.7988058,51335691.7742
3,10,54,0,54,54042,054042,Poggiodomo,,0,29118.762513,40336965.3669
3,10,54,0,54,54045,054045,Sant'Anatolia di Narco,,0,38349.0981613,46245309.1096
3,10,54,0,54,54047,054047,Scheggino,,0,32488.4094638,36899758.8575
3,10,54,0,54,54058,054058,Vallo di Nera,,0,27622.3501011,36163490.0751
3,12,57,0,57,57058,057058,Pozzaglia Sabina,,0,25326.0697781,24846173.2632
3,12,57,0,57,57061,057061,Roccantica,,0,23348.4328669,16365391.5887
3,12,57,0,57,57062,057062,Rocca Sinibalda,,0,56216.7872764,49686534.84
3,12,57,0,57,57063,057063,Salisano,,0,20103.0082635,17845565.7397
3,12,57,0,57,57065,057065,Selci,,0,11157.3932311,7918070.70664
3,12,57,0,57,57067,057067,Tarano,,0,23785.7217909,19387027.9286
3,12,57,0,57,57070,057070,Torri in Sabina,,0,29117.9269621,26532661.5545
3,12,57,0,57,57071,057071,Turania,,0,13074.0876756,8481325.27887
3,12,57,0,57,57072,057072,Vacone,,0,16439.5580081,9037636.23671
3,12,57,0,57,57073,057073,Varco Sabino,,0,30344.2860999,24874147.3276
3,12,58,258,258,58017,058017,Canterano,,0,11072.2395132,7484486.79819
3,12,58,258,258,58019,058019,Capranica Prenestina,,0,26420.1184302,20641902.7576
4,18,78,0,78,78065,078065,Lappano,,0,21609.886447,12083169.4541
4,18,78,0,78,78071,078071,Maierà,,0,24826.1457756,17946038.5069
1,7,9,0,9,9020,009020,Castelbianco,,0,18022.4193204,15068581.445
1,7,9,0,9,9021,009021,Castelvecchio di Rocca Barbena,,0,22249.16939,16130781.8681
1,7,9,0,9,9025,009025,Cisano sul Neva,,0,18226.9035923,12477827.4899
1,7,9,0,9,9028,009028,Erli,,0,20336.9034126,16765024.257
1,7,9,0,9,9032,009032,Giusvalla,,0,20051.9807063,19929812.8867
1,7,9,0,9,9035,009035,Magliolo,,0,21520.6219765,19509485.7323
1,7,9,0,9,9036,009036,Mallare,,0,24529.1930697,32026396.4172
1,7,9,0,9,9037,009037,Massimino,,0,12260.9846191,8100204.71836
1,7,9,0,9,9039,009039,Mioglia,,0,19802.5975093,19062609.3161
1,7,9,0,9,9040,009040,Murialdo,,0,28775.3485535,38971126.6739
1,7,9,0,9,9041,009041,Nasino,,0,22945.1391131,22227799.1944
1,7,9,0,9,9043,009043,Onzo,,0,13393.5622503,7895848.49687
1,7,9,0,9,9045,009045,Ortovero,,0,17555.8578441,10090169.7159
1,7,9,0,9,9046,009046,Osiglia,,0,24513.7280432,28167966.8556
1,7,9,0,9,9048,009048,Piana Crixia,,0,30515.6398217,30237091.5623
1,7,9,0,9,9053,009053,Rialto,,0,21732.9539916,19797824.7552
1,7,9,0,9,9055,009055,Sassello,,0,56007.5489944,101237773.692
1,7,9,0,9,9058,009058,Stella,,0,33981.6156805,43577864.1148
1,7,9,0,9,9059,009059,Stellanello,,0,19544.1622353,17772546.0774
1,7,9,0,9,9060,009060,Testico,,0,14057.9784882,10598355.0706
1,7,9,0,9,9061,009061,Toirano,,0,22604.3995599,19163498.9645
1,7,9,0,9,9063,009063,Urbe,,0,28890.3003609,30604189.5622
1,7,9,0,9,9066,009066,Vendone,,0,15271.2222562,9701861.07893
1,7,9,0,9,9067,009067,Vezzi Portio,,0,18470.3997014,9134039.5022
1,7,9,0,9,9068,009068,Villanova d'Albenga,,0,23487.3045976,16002301.2
1,7,9,0,9,9069,009069,Zuccarello,,0,16539.7037129,10757653.8971
1,7,10,210,210,10003,010003,Bargagli,,0,18163.0605638,16914173.9735
1,7,10,210,210,10013,010013,Castiglione Chiavarese,,0,24861.537551,29621808.5145
1,7,10,210,210,10019,010019,Coreglia Ligure,,0,13979.5343206,7924051.9134
1,7,10,210,210,10022,010022,Fascia,,0,18854.2020283,11058217.2813
1,7,10,210,210,10023,010023,Favale di Malvaro,,0,17514.865957,16733487.5838
1,7,10,210,210,10024,010024,Fontanigorda,,0,18267.6602449,16161464.4978
1,7,10,210,210,10026,010026,Gorreto,,0,23392.7516978,19071181.0509
1,7,10,210,210,10030,010030,Lorsica,,0,33887.3556394,17488890.8402
1,7,10,210,210,10031,010031,Lumarzo,,0,23195.8700286,25485316.1546
1,7,10,210,210,10038,010038,Montebruno,,0,21113.8793446,17465889.7858
1,7,10,210,210,10041,010041,Neirone,,0,23435.9573034,30410667.4469
1,7,10,210,210,10042,010042,Orero,,0,20596.4863358,15821059.0436
1,7,10,210,210,10044,010044,Portofino,,0,8935.09173525,2649731.49535
1,7,10,210,210,10045,010045,Propata,,0,18785.8438107,17090068.298
1,7,10,210,210,10048,010048,Rezzoaglio,,0,60903.2082577,104802399.047
1,7,10,210,210,10050,010050,Rondanina,,0,17109.2107092,12677334.694
1,7,10,210,210,10052,010052,Rovegno,,0,32917.1083347,44431995.6033
1,7,10,210,210,10053,010053,San Colombano Certenoli,,0,30688.335448,41291975.2672
1,7,10,210,210,10056,010056,Santo Stefano d'Aveto,,0,33651.4550531,54371217.112
1,7,10,210,210,10061,010061,Tiglieto,,0,32899.187342,24913495.1874
1,7,10,210,210,10065,010065,Valbrevenna,,0,29994.435038,34584722.3828
1,7,10,210,210,10066,010066,Vobbia,,0,28445.7908797,34156181.46
1,7,11,0,11,11003,011003,Beverino,,0,32539.9922524,34902501.9819
1,7,11,0,11,11009,011009,Carro,,0,25413.6523258,31305082.2398
1,7,11,0,11,11010,011010,Carrodano,,0,25580.4212863,21706910.4357
1,7,11,0,11,11018,011018,Maissana,,0,33956.1868458,46061761.3271
1,7,11,0,11,11019,011019,Monterosso al Mare,,0,17934.2460775,10858464.4411
1,7,11,0,11,11021,011021,Pignone,,0,23805.2768305,18477820.5265
1,7,11,0,11,11024,011024,Riomaggiore,,0,14673.2480832,9929132.53195
1,7,11,0,11,11025,011025,Rocchetta di Vara,,0,30764.2387573,33056526.5034
1,7,11,0,11,11029,011029,Varese Ligure,,0,68073.5592291,137112685.144
1,7,11,0,11,11030,011030,Vernazza,,0,17163.3802206,12413799.65
1,7,11,0,11,11032,011032,Zignago,,0,23881.0081996,28003453.1159
1,3,12,0,12,12061,012061,Curiglia con Monteviasco,,0,16114.305204,10643060.1624
1,3,12,0,12,12066,012066,Duno,,0,7166.56816219,2513708.32834
1,3,16,0,16,16014,016014,Averara,,0,21001.181074,10348725.9014
1,3,16,0,16,16017,016017,Azzone,,0,20824.8602757,17709213.5354
1,3,16,0,16,16027,016027,Blello,,0,7525.27304475,2271158.13265
1,3,16,0,16,16035,016035,Bracca,,0,10082.7621567,5453542.36688
1,3,16,0,16,16061,016061,Cassiglio,,0,16324.4845772,13190346.1014
1,3,16,0,16,16107,016107,Gandellino,,0,23029.4366157,25373294.076
1,3,16,0,16,16184,016184,Roncobello,,0,21833.4747966,25186802.6208
1,3,13,0,13,13092,013092,Dosso del Liro,,0,26652.8097297,23822628.518
1,3,13,0,13,13098,013098,Faggeto Lario,,0,19000.2762022,17500528.3844
1,3,13,0,13,13106,013106,Garzeno,,0,28592.8789166,29188255.6115
1,3,13,0,13,13130,013130,Livo,,0,27999.6783965,33338991.8627
1,3,13,0,13,13155,013155,Montemezzo,,0,13923.9769706,9160295.33868
1,3,13,0,13,13178,013178,Peglio,,0,16575.9230438,10569624.0313
1,3,13,0,13,13187,013187,Ponna,,0,12983.7221974,6079122.46934
1,3,13,0,13,13218,013218,Stazzona,,0,17425.1639289,7372874.78607
1,3,13,0,13,13233,013233,Val Rezzo,,0,10647.8126625,6572687.55401
1,3,13,0,13,13236,013236,Veleso,,0,9474.68486746,5976685.84264
1,3,13,0,13,13246,013246,Zelbio,,0,10645.4029833,4792798.38867
1,3,14,0,14,14001,014001,Albaredo per San Marco,,0,19380.7346574,18776420.9003
1,3,14,0,14,14002,014002,Albosaggia,,0,32973.2821566,34425418.5555
1,3,14,0,14,14006,014006,Bema,,0,21302.1137948,19599813.4551
1,3,14,0,14,14014,014014,Castello dell'Acqua,,0,20252.026459,14241149.4474
1,3,14,0,14,14015,014015,Castione Andevenno,,0,18751.3541964,16967832.7411
1,3,14,0,14,14016,014016,Cedrasco,,0,27020.4643831,14681561.9853
1,3,14,0,14,14021,014021,Cino,,0,10286.0928073,4882757.32323
1,3,14,0,14,14028,014028,Faedo Valtellino,,0,11759.7116119,4636396.71942
1,3,14,0,14,14029,014029,Forcola,,0,20296.9387491,15580409.8752
1,3,14,0,14,14031,014031,Gerola Alta,,0,27021.4043899,37441100.2485
1,3,14,0,14,14047,014047,Pedesina,,0,12341.4540599,6130115.6549
1,3,14,0,14,14055,014055,Rasura,,0,11620.5945503,6153425.41958
1,3,14,0,14,14059,014059,Sernio,,0,18411.2690044,9534720.20967
1,3,14,0,14,14064,014064,Tartano,,0,34467.9077481,46645751.4061
1,3,14,0,14,14076,014076,Vervio,,0,17393.0754299,12182828.6093
1,3,14,0,14,14077,014077,Villa di Chiavenna,,0,25388.5328189,32800682.485
1,3,15,215,215,15082,015082,Colturano,,0,9415.26197484,4121530.30633
1,3,15,215,215,15150,015150,Morimondo,,0,27788.7733031,25757222.2995
1,3,19,0,19,19115,019115,Voltido,,0,16416.0078464,12399928.0329
2,4,21,0,21,21002,021002,Andriano,Andrian,0,9483.65166708,5290304.79502
2,4,21,0,21,21003,021003,Anterivo,Altrei,0,14417.0685506,11171555.7669
2,4,21,0,21,21005,021005,Avelengo,Hafling,0,24857.3030027,26812545.9122
2,4,21,0,21,21009,021009,Braies,Prags,0,44861.8390639,90339869.9297
2,4,21,0,21,21014,021014,Caines,Kuens,0,6743.29888214,1661458.73785
2,4,21,0,21,21043,021043,Lauregno,Laurein,0,21907.4273072,13462351.2549
2,4,21,0,21,21049,021049,Martello,Martell,0,53823.2680902,142631565.107
2,4,21,0,21,21050,021050,Meltina,Mölten,0,34183.1039766,37507637.105
2,4,21,0,21,21068,021068,Predoi,Prettau,0,42524.9909185,86365945.8784
2,4,21,0,21,21069,021069,Proves,Proveis,0,22386.6219634,18918995.2817
2,4,21,0,21,21084,021084,San Pancrazio,St. Pankraz,0,38310.5854446,63435051.7626
2,4,21,0,21,21088,021088,Selva dei Molini,Mühlwald,0,51917.6993517,106043241.865
2,4,21,0,21,21091,021091,Senales,Schnals,0,75792.338645,208810916.628
2,4,21,0,21,21095,021095,Stelvio,Stilfs,0,55716.5664938,141651679.33
2,4,21,0,21,21099,021099,Tesimo,Tisens,0,27641.2390391,37986919.29
2,4,21,0,21,21100,021100,Tires,Tiers,0,33970.5336327,42219061.1462
2,4,21,0,21,21105,021105,Vadena,Pfatten,0,26998.9750273,13306160.5168
2,4,21,0,21,21109,021109,Valle di Casies,Gsies,0,51401.387382,110242359.469
2,4,21,0,21,21112,021112,Verano,Vöran,0,23978.8998648,22977730.8283
2,4,21,0,21,21117,021117,La Valle,Wengen,0,28572.5002403,39631536.4509
2,4,21,0,21,21118,021118,Senale-San Felice,Unsere Liebe Frau im Walde-St. Felix,0,23029.0138478,27194010.2302
2,4,22,0,22,22026,022026,Bresimo,,0,28824.9363939,40550008.2502
2,4,22,0,22,22030,022030,Cagnò,,0,15594.0372997,3320859.0382
2,4,22,0,22,22040,022040,Capriana,,0,16336.1550098,12895975.0481
2,4,22,0,22,22045,022045,Castel Condino,,0,21620.6526257,10942503.2737
2,4,22,0,22,22052,022052,Cavedago,,0,16870.1570254,10057245.1609
2,4,22,0,22,22054,022054,Cavizzana,,0,7169.39602685,3381846.48797
2,4,22,0,22,22058,022058,Cimone,,0,14187.0011651,9919347.6974
2,4,22,0,22,22060,022060,Cis,,0,9992.50657789,5492988.21348
2,4,22,0,22,22071,022071,Dambel,,0,9853.05003172,5012311.76416
2,4,22,0,22,22078,022078,Drena,,0,12755.2283631,7997465.54011
2,4,22,0,22,22080,022080,Faedo,,0,14997.0038964,11097705.5465
2,4,22,0,22,22085,022085,Fierozzo,,0,18651.8768773,18166219.7641
2,4,22,0,22,22090,022090,Frassilongo,,0,16240.6606561,16859691.1873
2,4,22,0,22,22108,022108,Lona-Lases,,0,24268.834237,11371388.4453
2,4,22,0,22,22109,022109,Luserna,,0,21887.3008224,8265318.5345
2,4,22,0,22,22112,022112,Massimeno,,0,30889.4913148,20846134.0816
2,4,22,0,22,22133,022133,Palù del Fersina,,0,18681.6187996,16706342.693
2,4,22,0,22,22150,022150,Rabbi,,0,57657.6770768,132550821.007
2,4,22,0,22,22162,022162,Ruffrè-Mendola,,0,12278.6489031,6816477.82745
2,4,22,0,22,22164,022164,Sagron Mis,,0,18013.4537016,10860534.6024
1,3,16,0,16,16210,016210,Taleggio,,0,31520.2630958,46967246.2234
1,3,16,0,16,16217,016217,Torre Pallavicina,,0,16260.8240233,11125111.9358
1,3,16,0,16,16221,016221,Ubiale Clanezzo,,0,12193.8002756,7566756.55637
1,3,16,0,16,16225,016225,Valgoglio,,0,23483.6047565,32365893.5398
1,3,16,0,16,16226,016226,Valleve,,0,20071.5038286,14676981.6858
1,3,16,0,16,16229,016229,Valtorta,,0,24379.5546615,31044949.7618
1,3,16,0,16,16230,016230,Vedeseta,,0,30632.8573033,19387096.786
1,3,16,0,16,16249,016249,Cornalba,,0,12336.3122625,9353477.99098
1,3,17,0,17,17036,017036,Capovalle,,0,18625.8889168,23178320.904
1,3,17,0,17,17054,017054,Cimbergo,,0,24290.117918,24688988.0981
1,3,17,0,17,17084,017084,Irma,,0,9354.16170576,5123712.67951
1,3,17,0,17,17095,017095,Lozio,,0,22266.6419889,23774062.2106
1,3,17,0,17,17098,017098,Magasa,,0,21094.0789586,19357485.1701
1,3,17,0,17,17105,017105,Marmentino,,0,21973.1195133,18079048.689
1,3,17,0,17,17110,017110,Monno,,0,26768.5554343,31158556.2509
1,3,17,0,17,17111,017111,Monte Isola,,0,13601.9768923,12608864.1348
1,3,17,0,17,17115,017115,Mura,,0,14783.7610518,12721018.7535
1,3,17,0,17,17131,017131,Paisco Loveno,,0,27748.1640055,35882838.7691
1,3,17,0,17,17139,017139,Pertica Alta,,0,27324.4480277,20804486.1781
1,3,17,0,17,17140,017140,Pertica Bassa,,0,24859.0140544,30467560.0376
1,3,17,0,17,17157,017157,Provaglio Val Sabbia,,0,17596.6942023,15093873.4141
1,3,17,0,17,17191,017191,Treviso Bresciano,,0,20071.6805395,17878751.7554
1,3,17,0,17,17194,017194,Valvestino,,0,29437.0230405,30921055.8076
1,3,18,0,18,18031,018031,Casanova Lonati,,0,9320.06112887,4874726.23583
1,3,18,0,18,18032,018032,Casatisma,,0,11357.1354908,5439929.96152
1,3,18,0,18,18036,018036,Castana,,0,11950.0727868,5432065.68773
1,3,18,0,18,18058,018058,Costa de' Nobili,,0,16335.3044367,11774992.4095
1,3,18,0,18,18064,018064,Fortunago,,0,21315.2804871,17396033.9051
1,3,18,0,18,18066,018066,Galliavola,,0,13246.4642841,9533469.5599
1,3,18,0,18,18067,018067,Gambarana,,0,17587.0208381,11590934.0513
1,3,18,0,18,18074,018074,Golferenzo,,0,9183.22337885,4589518.37161
1,3,18,0,18,18082,018082,Lirio,,0,5342.07422656,1614093.72925
1,3,18,0,18,18089,018089,Menconico,,0,21143.5686209,28415823.8386
1,3,18,0,18,18094,018094,Montalto Pavese,,0,22209.0248564,18877008.2855
1,3,18,0,18,18096,018096,Montecalvo Versiggia,,0,18321.2653093,11110831.1752
1,3,18,0,18,18098,018098,Montesegale,,0,17581.6416543,14846687.7819
1,3,18,0,18,18101,018101,Mornico Losana,,0,14122.9307175,8183378.87043
1,3,18,0,18,18105,018105,Oliva Gessi,,0,8583.29446672,4209592.79199
1,3,18,0,18,18125,018125,Rocca de' Giorgi,,0,13932.7108404,11148224.7027
1,3,18,0,18,18126,018126,Rocca Susella,,0,17874.8087907,12639737.5086
1,3,18,0,18,18127,018127,Rognano,,0,15687.8390408,9367910.84716
1,3,18,0,18,18134,018134,San Damiano al Colle,,0,12100.9409692,6518072.56973
1,3,18,0,18,18142,018142,Santa Margherita di Staffora,,0,34403.6790388,36499473.5989
1,3,18,0,18,18148,018148,Semiana,,0,14635.9915894,9911174.83548
1,3,18,0,18,18167,018167,Valeggio,,0,15155.3042942,9630634.26682
1,3,18,0,18,18172,018172,Velezzo Lomellina,,0,14489.0238015,8055154.40139
1,3,18,0,18,18174,018174,Verretto,,0,7065.84085467,2784745.56797
1,3,18,0,18,18178,018178,Villa Biscossi,,0,9155.14736411,5080458.43973
1,3,18,0,18,18183,018183,Volpara,,0,8714.03345131,3799614.0322
1,3,18,0,18,18184,018184,Zavattarello,,0,28560.4326742,28170763.2967
1,3,18,0,18,18187,018187,Zenevredo,,0,9306.45910046,5079464.36837
1,3,18,0,18,18193,018193,Colli Verdi,,0,39290.3751228,40574264.0908
1,3,19,0,19,19011,019011,Campagnola Cremasca,,0,10019.907772,4587649.89067
1,3,19,0,19,19013,019013,Cappella Cantone,,0,23069.1642405,13074743.301
1,3,19,0,19,19014,019014,Cappella de' Picenardi,,0,19760.674479,13983160.1723
1,3,19,0,19,19019,019019,Casaletto di Sopra,,0,14022.7746222,8958234.47779
1,3,19,0,19,19027,019027,Castelvisconti,,0,13932.6439052,10151281.1696
1,3,19,0,19,19028,019028,Cella Dati,,0,20566.7567545,18602372.3325
1,3,19,0,19,19040,019040,Derovere,,0,14933.6078341,10399562.6599
1,3,19,0,19,19046,019046,Gadesco-Pieve Delmona,,0,23777.1748605,16417608.9728
1,3,19,0,19,19082,019082,Ripalta Guerina,,0,7671.82179005,3063887.59386
1,3,19,0,19,19105,019105,Torlino Vimercati,,0,11917.8325098,5682116.77155
1,3,19,0,19,19106,019106,Tornata,,0,14208.4812995,10441375.6233
2,4,22,0,22,22168,022168,Sant'Orsola Terme,,0,17425.3348767,15346721.185
2,4,22,0,22,22193,022193,Terragnolo,,0,30813.8538154,39745811.2967
2,4,22,0,22,22209,022209,Valfloriana,,0,33921.0571852,39198055.0229
2,4,22,0,22,22210,022210,Vallarsa,,0,48845.7460529,78156910.7341
2,4,22,0,22,22216,022216,Vignola-Falesina,,0,15293.8198779,12352486.318
2,4,22,0,22,22237,022237,Amblar-Don,,0,19982.5773571,20108677.8689
2,5,23,0,23,23074,023074,San Mauro di Saline,,0,17009.8496662,11408699.5631
2,5,23,0,23,23080,023080,Selva di Progno,,0,34675.2394782,40686605.5106
2,5,23,0,23,23090,023090,Velo Veronese,,0,22910.6107212,19070059.1121
2,5,24,0,24,24010,024010,Asigliano Veneto,,0,12189.7905154,8082199.28595
2,5,24,0,24,24049,024049,Laghi,,0,22237.997252,22489546.1185
2,5,24,0,24,24050,024050,Lastebasse,,0,26074.7019176,18650704.6894
2,6,30,0,30,30025,030025,Chiusaforte,,0,56255.2260624,100361285.741
2,6,30,0,30,30029,030029,Comeglians,,0,26752.8659781,19474010.8066
2,6,30,0,30,30033,030033,Dogna,,0,46732.0327851,70169009.4003
2,6,30,0,30,30034,030034,Drenchia,,0,15327.7522443,12338985.0406
2,6,30,0,30,30045,030045,Grimacco,,0,25808.7016197,15300533.3422
2,6,30,0,30,30081,030081,Prato Carnico,,0,45697.7009346,82646432.4718
2,6,30,0,30,30084,030084,Preone,,0,21637.5640737,22678823.1522
2,6,30,0,30,30085,030085,Prepotto,,0,40828.8838802,32652067.1749
2,6,30,0,30,30086,030086,Pulfero,,0,32255.120048,48600277.9054
2,6,30,0,30,30093,030093,Resiutta,,0,21577.7619122,20556599.6166
2,6,30,0,30,30094,030094,Rigolato,,0,25268.2343602,30785108.4166
2,6,30,0,30,30107,030107,Sauris,,0,42340.1090975,41265510.7414
2,6,30,0,30,30108,030108,Savogna,,0,23695.3678666,22529036.634
2,6,30,0,30,30110,030110,Socchieve,,0,64603.5232525,66644099.4894
2,6,30,0,30,30111,030111,Stregna,,0,21039.7952135,20228947.4985
2,5,24,0,24,24076,024076,Pedemonte,,0,22346.953141,12234431.858
2,5,24,0,24,24112,024112,Valdastico,,0,35188.1701252,23637830.0944
2,5,24,0,24,24117,024117,Villaga,,0,22717.2907461,23328184.1734
2,5,24,0,24,24121,024121,Zovencedo,,0,12737.2134168,9458578.55966
2,5,25,0,25,25012,025012,Chies d'Alpago,,0,32229.4063245,45159734.7819
2,5,25,0,25,25013,025013,Cibiana di Cadore,,0,19921.9649415,21352577.5324
2,5,25,0,25,25014,025014,Colle Santa Lucia,,0,20627.9863471,15136941.6532
2,5,25,0,25,25017,025017,Danta di Cadore,,0,12120.2372844,8089456.10647
2,5,25,0,25,25035,025035,Ospitale di Cadore,,0,29674.5310891,39011140.9128
2,5,25,0,25,25046,025046,San Nicolò di Comelico,,0,25119.9801141,24366474.2342
2,5,25,0,25,25049,025049,San Tomaso Agordino,,0,19452.3889782,19367703.881
2,5,25,0,25,25057,025057,Soverzene,,0,20501.1338278,14753454.2302
2,5,25,0,25,25058,025058,Sovramonte,,0,31615.9246096,50521145.3155
2,5,25,0,25,25069,025069,Zoppè di Cadore,,0,8625.53893586,4585118.59508
2,5,26,0,26,26045,026045,Monfumo,,0,17976.8928314,11460414.1068
2,5,28,0,28,28010,028010,Barbona,,0,15551.1555735,8934105.12581
2,5,28,0,28,28031,028031,Cinto Euganeo,,0,19068.8697796,19456097.1923
3,9,46,0,46,46014,046014,Fosciandora,,0,24014.5697196,20185044.796
3,9,46,0,46,46020,046020,Molazzana,,0,28987.3463697,31009284.7883
3,9,49,0,49,49019,049019,Sassetta,,0,26187.1349394,27082603.0763
3,9,50,0,50,50006,050006,Casale Marittimo,,0,18199.1571179,14413942.7134
3,9,50,0,50,50016,050016,Lajatico,,0,38956.3525848,72547830.2762
3,9,50,0,50,50020,050020,Montescudaio,,0,25539.7893242,20154336.5065
3,9,50,0,50,50021,050021,Monteverdi Marittimo,,0,51089.1449891,98711094.1
3,9,50,0,50,50030,050030,Riparbella,,0,44365.8372151,58922730.4375
3,9,50,0,50,50034,050034,Santa Luce,,0,36733.6161912,65598766.045
3,9,53,0,53,53013,053013,Magliano in Toscana,,0,87788.5397534,250660977.311
3,9,53,0,53,53017,053017,Montieri,,0,54307.5870708,108352491.808
3,9,53,0,53,53020,053020,Roccalbegna,,0,63427.0772172,123459317.6
3,9,53,0,53,53025,053025,Seggiano,,0,31544.107813,49262660.6017
3,9,53,0,53,53027,053027,Monterotondo Marittimo,,0,51158.7856993,102250179.429
3,10,54,0,54,54010,054010,Cerreto di Spoleto,,0,52088.9630094,74345455.6255
3,10,54,0,54,54025,054025,Lisciano Niccone,,0,28791.0843397,35233524.6242
3,10,55,0,55,55027,055027,Polino,,0,18645.1536908,19731067.1682
2,6,31,0,31,31004,031004,Dolegna del Collio,,0,20900.1672986,13314582.236
2,6,31,0,31,31019,031019,San Floriano del Collio,Steverjan,0,19787.4032855,10402524.5578
2,8,33,0,33,33003,033003,Besenzone,,0,27863.277159,23789670.5183
2,8,33,0,33,33015,033015,Cerignale,,0,29695.8789535,30964639.3428
2,8,33,0,33,33016,033016,Coli,,0,49321.86623,70807207.6195
2,8,33,0,33,33019,033019,Farini,,0,60169.5467386,112358185.15
2,8,33,0,33,33028,033028,Morfasso,,0,46597.0464116,83450924.7999
2,8,33,0,33,33030,033030,Ottone,,0,59116.3189531,98590319.9871
2,8,33,0,33,33034,033034,Piozzano,,0,34323.2615384,43832458.0831
2,8,33,0,33,33041,033041,San Pietro in Cerro,,0,28998.1931806,27248496.9615
2,8,33,0,33,33047,033047,Zerba,,0,31734.8279866,24854354.4147
2,8,34,0,34,34026,034026,Palanzano,,0,44460.710694,68840445.8084
2,8,34,0,34,34038,034038,Terenzo,,0,45358.5268833,72879938.1131
2,8,34,0,34,34044,034044,Valmozzola,,0,36463.992664,67730575.9018
2,8,36,0,36,36014,036014,Fiumalbo,,0,34539.4526953,38725659.5693
2,8,36,0,36,36025,036025,Montefiorino,,0,31866.5058762,45472301.0271
2,8,36,0,36,36033,036033,Prignano sulla Secchia,,0,50321.3094343,79597594.0046
2,8,36,0,36,36035,036035,Riolunato,,0,31207.4565698,44615808.7075
2,8,37,237,237,37013,037013,Castel d'Aiano,,0,39176.6471919,45511006.7051
2,8,40,0,40,40004,040004,Borghi,,0,23209.5439577,30065419.8261
2,8,40,0,40,40011,040011,Dovadola,,0,31613.6952097,39166035.2929
2,8,40,0,40,40031,040031,Portico e San Benedetto,,0,44015.5489775,61206564.8827
3,11,41,0,41,41017,041017,Frontino,,0,14313.6542731,10724996.8577
3,11,41,0,41,41041,041041,Peglio,,0,20081.5568585,21531830.9765
3,11,42,0,42,42037,042037,Poggio San Marcello,,0,23564.7669881,13564890.3087
3,11,42,0,42,42042,042042,San Paolo di Jesi,,0,13805.5385453,10031643.5044
3,11,43,0,43,43005,043005,Bolognola,,0,20946.4880746,26707109.5181
3,11,43,0,43,43011,043011,Cessapalombo,,0,30184.9674184,27136001.29
3,11,43,0,43,43016,043016,Esanatoglia,,0,32475.614925,48001214.2383
3,11,43,0,43,43020,043020,Gagliole,,0,22760.6456966,24217830.6722
3,11,43,0,43,43027,043027,Monte Cavallo,,0,24996.5622628,38917691.1642
3,11,43,0,43,43032,043032,Monte San Martino,,0,21022.7550696,18210065.3088
3,11,43,0,43,43040,043040,Poggio San Vicino,,0,19503.9171842,12881737.8931
3,11,43,0,43,43051,043051,Serrapetrona,,0,33197.8081626,37066140.6634
3,11,44,0,44,44010,044010,Carassai,,0,24386.1302091,22227589.3504
3,11,44,0,44,44016,044016,Cossignano,,0,15326.0636792,15077208.3737
3,11,44,0,44,44034,044034,Montedinove,,0,15881.9424961,11739729.1816
3,11,44,0,44,44038,044038,Montegallo,,0,34072.8182851,48115982.8496
3,11,44,0,44,44056,044056,Palmiano,,0,16526.6096057,12055322.8032
3,11,44,0,44,44065,044065,Rotella,,0,22905.358729,27818186.1202
3,12,56,0,56,56004,056004,Barbarano Romano,,0,26375.9623153,37471791.8259
3,12,56,0,56,56010,056010,Calcata,,0,17116.3465831,7644332.29295
3,12,56,0,56,56019,056019,Celleno,,0,19411.4166144,24425261.6603
3,12,56,0,56,56029,056029,Graffignano,,0,28451.6082185,28563028.2638
3,12,56,0,56,56040,056040,Onano,,0,26009.3215118,24085056.7459
3,12,56,0,56,56043,056043,Piansano,,0,22589.6735641,26898790.0657
3,12,56,0,56,56044,056044,Proceno,,0,29821.5911201,42625663.9051
3,12,56,0,56,56051,056051,Tessennano,,0,18605.7063808,15200550.7708
3,12,57,0,57,57001,057001,Accumoli,,0,50394.2622433,87270566.0091
3,12,57,0,57,57004,057004,Ascrea,,0,28492.3924527,13819021.8525
3,12,57,0,57,57005,057005,Belmonte in Sabina,,0,23724.5757645,23924013.6096
3,12,57,0,57,57012,057012,Casperia,,0,24319.2746766,25104565.2504
3,12,57,0,57,57013,057013,Castel di Tora,,0,19701.5543925,15015841.8823
3,12,57,0,57,57014,057014,Castelnuovo di Farfa,,0,12929.8505806,8761363.38555
3,12,57,0,57,57017,057017,Cittareale,,0,36397.0280964,58797049.8944
3,12,57,0,57,57019,057019,Colle di Tora,,0,17671.0003811,14673487.5824
3,12,57,0,57,57020,057020,Collegiove,,0,17916.9187425,9884706.52523
3,12,57,0,57,57021,057021,Collevecchio,,0,23580.6284211,26722657.8454
3,12,57,0,57,57022,057022,Colli sul Velino,,0,17409.9809961,12533559.6708
3,12,57,0,57,57023,057023,Concerviano,,0,27424.6938591,21379269.374
3,12,57,0,57,57024,057024,Configni,,0,22142.2969306,23179688.2467
3,12,57,0,57,57026,057026,Cottanello,,0,27214.8264564,36898823.015
3,12,57,0,57,57028,057028,Fiamignano,,0,48242.7897945,100448422.886
3,12,57,0,57,57032,057032,Labro,,0,14615.2132236,11746454.3608
3,12,57,0,57,57034,057034,Longone Sabino,,0,38633.8179232,34045126.3191
3,12,57,0,57,57036,057036,Marcetelli,,0,16754.3672218,11054149.554
3,12,57,0,57,57037,057037,Micigliano,,0,27842.7790437,36872660.8147
3,12,57,0,57,57038,057038,Mompeo,,0,18045.9077521,10959932.7792
3,12,57,0,57,57039,057039,Montasola,,0,14895.765514,12686150.1684
3,12,57,0,57,57040,057040,Montebuono,,0,20321.255651,20233595.4258
3,12,57,0,57,57041,057041,Monteleone Sabino,,0,18349.2116614,19564358.8844
3,12,57,0,57,57042,057042,Montenero Sabino,,0,19447.2899232,22457918.087
3,12,57,0,57,57043,057043,Monte San Giovanni in Sabina,,0,25778.8415982,30870178.9329
4,15,62,0,62,62018,062018,Castelpoto,,0,18077.8806752,11763130.0037
4,15,62,0,62,62036,062036,Ginestra degli Schiavoni,,0,18414.1613348,15077349.3164
4,15,62,0,62,62049,062049,Paupisi,,0,14513.2384245,6820648.55012
4,15,62,0,62,62051,062051,Pietraroja,,0,28798.0617755,35655520.1171
4,15,62,0,62,62056,062056,Reino,,0,32665.4563251,23381303.6428
4,15,62,0,62,62072,062072,Sassinoro,,0,15508.3136975,13225007.3995
4,15,62,0,62,62078,062078,Sant'Arcangelo Trimonte,,0,18489.1827927,10188184.8762
4,15,64,0,64,64051,064051,Montaguto,,0,17800.9796745,18359083.5017
4,15,64,0,64,64071,064071,Petruro Irpino,,0,9091.23863697,3093754.18248
4,15,64,0,64,64111,064111,Torrioni,,0,9230.42448094,4178580.30982
4,15,64,0,64,64117,064117,Villamaina,,0,14051.032485,8982476.31006
4,15,65,0,65,65008,065008,Aquara,,0,27242.7462918,32584442.7914
3,12,57,0,57,57045,057045,Morro Reatino,,0,21191.5664467,15921374.9171
3,12,57,0,57,57048,057048,Paganico Sabino,,0,13308.0993894,9714386.23593
3,12,57,0,57,57056,057056,Poggio San Lorenzo,,0,14315.0125871,8684998.47937
3,12,58,258,258,58021,058021,Casape,,0,10201.1891571,5702861.04677
3,12,58,258,258,58028,058028,Cervara di Roma,,0,26438.0715023,31693281.8082
3,12,58,258,258,58031,058031,Cineto Romano,,0,14728.0118296,10698389.5539
3,12,58,258,258,58037,058037,Filacciano,,0,10900.285585,5852683.72577
3,12,58,258,258,58044,058044,Gerano,,0,13123.628476,10395279.0308
3,12,58,258,258,58045,058045,Gorga,,0,23479.7433557,26439093.9285
3,12,58,258,258,58051,058051,Licenza,,0,19186.1714914,18196133.6999
3,12,58,258,258,58069,058069,Nazzano,,0,19436.3470578,12289075.1653
3,12,58,258,258,58076,058076,Percile,,0,18010.0347499,17437155.5061
3,12,58,258,258,58083,058083,Riofreddo,,0,15053.6403134,12278890.3046
3,12,58,258,258,58084,058084,Rocca Canterano,,0,18216.2937434,15641818.2525
3,12,58,258,258,58087,058087,Roccagiovine,,0,12960.8517039,8214174.89664
3,12,58,258,258,58089,058089,Rocca Santo Stefano,,0,13262.4934812,10026337.325
3,12,58,258,258,58101,058101,Saracinesco,,0,15850.2694115,10739561.4364
3,12,58,258,258,58108,058108,Vallepietra,,0,36629.3053509,53104510.0744
3,12,58,258,258,58109,058109,Vallinfreda,,0,18583.7317843,16735230.0151
3,12,58,258,258,58113,058113,Vivaro Romano,,0,15753.0083298,12640127.0231
3,12,59,0,59,59002,059002,Bassiano,,0,29417.5095002,32666508.2655
3,12,59,0,59,59003,059003,Campodimele,,0,25977.5534614,38722447.27
3,12,59,0,59,59015,059015,Monte San Biagio,,0,33989.9916181,65766677.9989
3,12,59,0,59,59020,059020,Prossedi,,0,26424.533037,35345100.651
3,12,59,0,59,59021,059021,Roccagorga,,0,19909.3328712,24779070.2382
3,12,59,0,59,59022,059022,Rocca Massima,,0,19218.3644753,18509522.4717
3,12,59,0,59,59031,059031,Spigno Saturnia,,0,28324.7579621,38900391.8677
3,12,60,0,60,60001,060001,Acquafondata,,0,23703.489019,25821231.6011
3,12,60,0,60,60013,060013,Belmonte Castello,,0,17191.3186395,14313773.9754
3,12,60,0,60,60016,060016,Campoli Appennino,,0,30863.9098828,32201178.7534
3,12,60,0,60,60017,060017,Casalattico,,0,26185.7348618,28344971.8824
3,12,60,0,60,60027,060027,Colfelice,,0,20514.7680577,14686694.1217
3,12,60,0,60,60028,060028,Collepardo,,0,22309.4915429,24908640.0149
3,12,60,0,60,60032,060032,Falvaterra,,0,15825.5224895,13121309.4837
3,12,60,0,60,60037,060037,Fontechiari,,0,16457.4937541,16270605.9096
3,12,60,0,60,60040,060040,Gallinaro,,0,19853.0103895,17788118.0427
3,12,60,0,60,60041,060041,Giuliano di Roma,,0,32354.1462407,33455409.8775
3,12,60,0,60,60045,060045,Morolo,,0,20394.1525178,26841281.8265
3,12,60,0,60,60047,060047,Pastena,,0,25266.2757541,42461354.6359
3,12,60,0,60,60051,060051,Pico,,0,27005.6018023,32919874.6956
3,12,60,0,60,60054,060054,Pignataro Interamna,,0,22912.0694092,24506424.7335
3,12,60,0,60,60055,060055,Pofi,,0,26762.1196139,30300408.819
3,12,60,0,60,60059,060059,Rocca d'Arce,,0,17078.2066553,11339689.8893
3,12,60,0,60,60061,060061,San Biagio Saracinisco,,0,30434.3246296,31232968.1768
3,12,60,0,60,60069,060069,Santopadre,,0,20183.5075878,21505921.0235
3,12,60,0,60,60072,060072,Settefrati,,0,30127.1004236,50598615.8703
3,12,60,0,60,60077,060077,Terelle,,0,25609.9655133,31540878.1363
3,12,60,0,60,60083,060083,Vallemaio,,0,24454.4553522,18472540.5291
3,12,60,0,60,60086,060086,Vicalvi,,0,16108.7288487,8212869.02925
3,12,60,0,60,60087,060087,Vico nel Lazio,,0,39793.2146367,46050463.5919
3,12,60,0,60,60090,060090,Villa Santo Stefano,,0,18964.7134493,19696037.2701
4,15,61,0,61,61024,061024,Castel di Sasso,,0,26630.858656,20097060.5225
4,15,61,0,61,61030,061030,Ciorlano,,0,23162.22251,28491913.369
4,15,61,0,61,61031,061031,Conca della Campania,,0,26677.0962174,26509158.3318
4,15,61,0,61,61034,061034,Fontegreca,,0,12545.6146032,9688790.84814
4,15,61,0,61,61038,061038,Gallo Matese,,0,27882.125486,31064986.7411
4,15,61,0,61,61040,061040,Giano Vetusto,,0,14946.5234516,11195671.7676
4,15,61,0,61,61044,061044,Letino,,0,26532.7313334,31603205.0733
4,15,61,0,61,61045,061045,Liberi,,0,20776.6933112,17809022.6553
4,15,61,0,61,61061,061061,Pontelatone,,0,37947.3576266,32305945.1465
4,15,61,0,61,61065,061065,Presenzano,,0,25353.394318,31972202.2442
4,15,61,0,61,61066,061066,Raviscanina,,0,24831.030704,24780274.4748
4,15,61,0,61,61071,061071,Roccaromana,,0,24683.4836327,27735580.1324
4,15,61,0,61,61072,061072,Rocchetta e Croce,,0,21370.5567765,12928390.2875
4,14,70,0,70,70082,070082,Tufara,,0,28263.0055281,35437319.513
4,16,71,0,71,71002,071002,Alberona,,0,43381.772805,49442313.9318
4,16,71,0,71,71011,071011,Carlantino,,0,25874.1949254,34432978.4335
4,16,71,0,71,71016,071016,Castelluccio Valmaggiore,,0,24149.076135,26588135.5908
4,16,71,0,71,71018,071018,Celenza Valfortore,,0,42692.7204802,64610306.1698
4,16,71,0,71,71019,071019,Celle di San Vito,,0,28720.8268785,18358989.2133
4,16,71,0,71,71023,071023,Faeto,,0,30512.7580448,26122433.6227
4,16,71,0,71,71048,071048,San Marco la Catola,,0,23643.4970087,28661280.306
4,16,71,0,71,71052,071052,Sant'Agata di Puglia,,0,54412.2265797,116150242.038
4,16,71,0,71,71061,071061,Volturara Appula,,0,32206.3893102,52223609.1801
4,17,76,0,76,76005,076005,Armento,,0,36283.8753781,59602303.0443
4,17,76,0,76,76014,076014,Brindisi Montagna,,0,34219.8904764,59954935.6758
4,17,76,0,76,76016,076016,Calvera,,0,20644.8810729,15782553.5134
4,17,76,0,76,76024,076024,Castelmezzano,,0,25966.9426905,34265899.1265
4,17,76,0,76,76026,076026,Castronuovo di Sant'Andrea,,0,36560.7253257,47907830.6048
4,17,76,0,76,76038,076038,Guardia Perticara,,0,30758.3168364,53973220.9783
4,17,76,0,76,76049,076049,Missanello,,0,28310.9891973,22162895.6094
4,17,76,0,76,76055,076055,Noepoli,,0,53664.2540281,45774536.8073
4,17,76,0,76,76075,076075,San Costantino Albanese,,0,28025.5502016,43407276.7562
4,15,65,0,65,65015,065015,Bellosguardo,,0,17676.7711589,16815057.7649
4,15,65,0,65,65023,065023,Campora,,0,25045.9716549,29622881.8802
4,15,65,0,65,65041,065041,Cetara,,0,9189.84820665,5285321.68876
4,15,65,0,65,65042,065042,Cicerale,,0,34929.4926218,40819330.8492
4,15,65,0,65,65044,065044,Conca dei Marini,,0,5701.21273553,1025709.67495
4,15,65,0,65,65051,065051,Felitto,,0,31474.6102121,41224355.0296
4,15,65,0,65,65058,065058,Giungano,,0,13941.0136742,11735768.5135
4,15,65,0,65,65060,065060,Laureana Cilento,,0,18155.3215288,14465171.8707
4,15,65,0,65,65064,065064,Lustra,,0,24654.1627313,14920031.5104
4,15,65,0,65,65065,065065,Magliano Vetere,,0,22868.4581259,23550484.3346
4,15,65,0,65,65091,065091,Perdifumo,,0,19969.7247196,23117926.2456
4,15,65,0,65,65092,065092,Perito,,0,22909.9572985,23720971.2029
4,15,65,0,65,65093,065093,Pertosa,,0,10995.7895101,6623699.34291
4,15,65,0,65,65096,065096,Pisciotta,,0,30300.4101006,30951349.0218
4,15,65,0,65,65113,065113,Sacco,,0,21786.9686873,23495825.7152
4,15,65,0,65,65117,065117,Salvitelle,,0,13196.7080412,9693165.23435
4,15,65,0,65,65124,065124,San Mauro la Bruca,,0,21046.580271,19252281.8002
4,15,65,0,65,65126,065126,San Rufo,,0,40099.55459,31780982.0512
4,15,65,0,65,65139,065139,Serramezzana,,0,12046.4758345,7384492.89999
4,15,65,0,65,65141,065141,Sessa Cilento,,0,22080.3557333,18184384.0138
4,15,65,0,65,65144,065144,Stella Cilento,,0,17463.3523148,14173343.7795
4,15,65,0,65,65151,065151,Tramonti,,0,21315.2567833,24702020.4114
4,15,65,0,65,65153,065153,Valle dell'Angelo,,0,36268.9847235,36813131.5736
4,13,66,0,66,66001,066001,Acciano,,0,27681.0928863,32463627.07
4,13,66,0,66,66004,066004,Anversa degli Abruzzi,,0,26055.4762439,32784925.9166
4,13,66,0,66,66008,066008,Barete,,0,26288.3598941,24272856.7784
4,13,66,0,66,66011,066011,Bisegna,,0,33196.4738483,47024501.131
4,13,66,0,66,66012,066012,Bugnara,,0,25983.1774723,24894627.5837
4,13,66,0,66,66014,066014,Calascio,,0,41556.4693651,38930255.9214
4,13,66,0,66,66016,066016,Campotosto,,0,38287.3972434,51392707.7274
4,13,66,0,66,66018,066018,Cansano,,0,30885.7612798,37979208.9816
4,13,66,0,66,66024,066024,Carapelle Calvisio,,0,28390.2422821,14941206.3904
4,13,66,0,66,66030,066030,Castelvecchio Calvisio,,0,36286.2926881,15315907.0929
4,13,66,0,66,66035,066035,Civitella Alfedena,,0,31509.2826285,29218504.0864
4,13,66,0,66,66037,066037,Cocullo,,0,24938.5867844,31359108.5751
4,13,66,0,66,66040,066040,Collepietro,,0,18074.8080129,15139454.8587
4,13,66,0,66,66042,066042,Fagnano Alto,,0,23563.8129977,24603032.4463
4,13,66,0,66,66044,066044,Fossa,,0,12064.4870221,8995290.22161
4,13,66,0,66,66052,066052,Lucoli,,0,49910.1997224,103732577.507
4,13,66,0,66,66055,066055,Molina Aterno,,0,16178.0198069,12308379.359
4,13,66,0,66,66059,066059,Ocre,,0,23202.5029424,23227368.7036
4,13,66,0,66,66061,066061,Opi,,0,31557.7673069,50188296.6469
4,13,66,0,66,66062,066062,Oricola,,0,18727.3781734,18474069.6112
4,13,66,0,66,66063,066063,Ortona dei Marsi,,0,47086.8082215,56517570.9789
4,13,66,0,66,66071,066071,Pettorano sul Gizio,,0,35390.4558747,62467934.1758
4,13,66,0,66,66074,066074,Prata d'Ansidonia,,0,20159.5050854,19873434.6405
4,13,66,0,66,66079,066079,Roccacasale,,0,17865.8186666,17614683.849
4,13,66,0,66,66083,066083,Rocca Pia,,0,31120.477537,45320761.867
4,13,66,0,66,66086,066086,San Benedetto in Perillis,,0,19405.6188252,19065118.1427
4,13,66,0,66,66088,066088,San Pio delle Camere,,0,18850.9164742,17086769.0115
4,13,66,0,66,66090,066090,Sant'Eusanio Forconese,,0,12452.2000091,7819979.98781
4,13,66,0,66,66091,066091,Santo Stefano di Sessanio,,0,35364.9719864,33575198.9901
4,13,66,0,66,66092,066092,San Vincenzo Valle Roveto,,0,37854.9107751,46117591.9724
4,13,66,0,66,66094,066094,Scontrone,,0,22685.3822954,21234707.3901
4,13,66,0,66,66097,066097,Secinaro,,0,32528.6139822,33574909.9256
4,13,66,0,66,66100,066100,Tione degli Abruzzi,,0,32614.1583998,39128213.8616
4,13,66,0,66,66104,066104,Villa Santa Lucia degli Abruzzi,,0,28274.5769056,27281078.3798
4,13,66,0,66,66105,066105,Villa Sant'Angelo,,0,9094.65921047,5605386.32523
4,13,66,0,66,66106,066106,Villavallelonga,,0,40789.5691013,74044429.4921
4,13,66,0,66,66107,066107,Villetta Barrea,,0,18883.0520842,20752611.0255
4,13,67,0,67,67003,067003,Arsita,,0,28423.5967244,34837593.1908
4,13,67,0,67,67009,067009,Canzano,,0,22520.2392451,16821522.5593
4,13,67,0,67,67010,067010,Castel Castagna,,0,17821.6447867,18314348.4638
4,13,67,0,67,67012,067012,Castelli,,0,29893.3161703,49596238.7418
4,13,67,0,67,67013,067013,Castiglione Messer Raimondo,,0,27373.0883593,31126044.5716
4,13,67,0,67,67014,067014,Castilenti,,0,22646.832145,24285523.5463
4,13,67,0,67,67015,067015,Cellino Attanasio,,0,37136.5405903,43832014.3621
4,13,67,0,67,67016,067016,Cermignano,,0,34057.0055786,26341409.4499
4,13,67,0,67,67022,067022,Cortino,,0,41581.3963895,62522224.9436
4,13,67,0,67,67023,067023,Crognaleto,,0,57862.2411558,125111944.275
4,13,67,0,67,67024,067024,Fano Adriano,,0,43988.6797972,34904995.3146
4,13,67,0,67,67027,067027,Montefino,,0,18907.3941104,18137481.685
4,13,67,0,67,67034,067034,Pietracamela,,0,30739.9120483,44927784.7697
4,13,67,0,67,67036,067036,Rocca Santa Maria,,0,46256.3240057,62511707.7507
4,13,67,0,67,67046,067046,Valle Castellana,,0,70822.0139913,129831887.199
4,13,68,0,68,68001,068001,Abbateggio,,0,26806.1880166,15123276.4864
4,13,68,0,68,68004,068004,Brittoli,,0,16442.0815983,15689287.0401
4,13,68,0,68,68014,068014,Civitella Casanova,,0,37369.9536389,31072298.804
4,13,68,0,68,68016,068016,Corvara,,0,16218.5093632,13833633.0518
4,13,68,0,68,68017,068017,Cugnoli,,0,20388.1078458,15333942.383
4,13,68,0,68,68018,068018,Elice,,0,18289.9569525,14193268.7062
4,13,68,0,68,68019,068019,Farindola,,0,31739.7762659,45131363.5735
4,13,68,0,68,68023,068023,Montebello di Bertona,,0,19306.1027153,21542656.7302
4,13,68,0,68,68031,068031,Picciano,,0,11422.0897939,7950664.49212
4,13,68,0,68,68032,068032,Pietranico,,0,18725.5202659,15069486.5245
4,13,68,0,68,68034,068034,Roccamorice,,0,27656.596345,25389256.2689
4,13,68,0,68,68036,068036,Salle,,0,19544.9888444,21301047.8952
4,13,68,0,68,68040,068040,Serramonacesca,,0,27323.0461569,24175698.6381
4,13,68,0,68,68044,068044,Turrivalignani,,0,9946.09956153,6384875.12558
4,13,68,0,68,68045,068045,Vicoli,,0,14053.281521,9123575.86509
4,13,68,0,68,68046,068046,Villa Celiera,,0,22970.8851485,12745200.0357
4,13,69,0,69,69006,069006,Bomba,,0,17031.215007,17063456.0863
4,13,69,0,69,69007,069007,Borrello,,0,16262.4589644,15032515.7555
4,13,69,0,69,69009,069009,Montebello sul Sangro,,0,9668.40643359,5429422.64972
4,13,69,0,69,69014,069014,Casalanguida,,0,19438.576784,13574684.1727
4,13,69,0,69,69019,069019,Castelguidone,,0,18618.9327718,15453550.2582
4,13,69,0,69,69023,069023,Civitaluparella,,0,21629.851693,22424859.039
4,13,69,0,69,69025,069025,Colledimacine,,0,13875.6951812,11182065.5245
4,13,69,0,69,69026,069026,Colledimezzo,,0,15236.849395,11124531.7185
4,13,69,0,69,69029,069029,Dogliola,,0,15364.290234,11597161.8236
4,13,69,0,69,69032,069032,Filetto,,0,17516.1555993,13356900.5742
4,13,69,0,69,69036,069036,Fresagrandinaria,,0,24065.2169419,25007083.6811
4,13,69,0,69,69039,069039,Gamberale,,0,19493.7658414,15331503.6942
4,13,69,0,69,69044,069044,Guilmi,,0,14349.9685848,12653392.0258
4,13,69,0,69,69049,069049,Liscia,,0,12629.3282971,8347087.68188
4,13,69,0,69,69051,069051,Montazzoli,,0,28947.2927849,39677179.1193
4,13,69,0,69,69052,069052,Monteferrante,,0,21385.1130498,15176385.376
4,13,69,0,69,69053,069053,Montelapiano,,0,12400.746731,8046253.32939
4,13,69,0,69,69054,069054,Montenerodomo,,0,35319.9493841,29461794.8013
4,13,69,0,69,69061,069061,Palmoli,,0,28873.60729,32886529.8827
4,13,69,0,69,69062,069062,Palombaro,,0,20919.4237565,17321342.826
4,13,69,0,69,69063,069063,Pennadomo,,0,19484.8481935,10962589.3266
4,13,69,0,69,69064,069064,Pennapiedimonte,,0,33506.5916633,47616426.8783
4,13,69,0,69,69068,069068,Pollutri,,0,26489.5412678,26198221.438
4,13,69,0,69,69075,069075,Roccascalegna,,0,23374.5142932,22814234.1957
4,13,69,0,69,69076,069076,Roccaspinalveti,,0,26126.0960983,32434367.4301
4,13,69,0,69,69078,069078,Rosello,,0,21936.3535953,18726618.5161
4,13,69,0,69,69079,069079,San Buono,,0,29886.8134788,25344495.4734
4,13,69,0,69,69080,069080,San Giovanni Lipioni,,0,11591.9239203,8713638.39562
4,13,69,0,69,69082,069082,San Martino sulla Marrucina,,0,11972.7010346,7553249.82647
4,13,69,0,69,69088,069088,Schiavi di Abruzzo,,0,28705.189336,45488957.0684
4,13,69,0,69,69089,069089,Taranta Peligna,,0,26042.2042959,21712491.9473
4,13,69,0,69,69097,069097,Tufillo,,0,18837.9445087,21649875.5248
4,13,69,0,69,69100,069100,Villalfonsina,,0,19599.2574038,9613618.49595
4,13,69,0,69,69103,069103,Pietraferrazzana,,0,8186.47053156,4450629.58559
4,13,69,0,69,69104,069104,Fallo,,0,11080.9875267,6269698.09324
4,14,70,0,70,70001,070001,Acquaviva Collecroce,,0,26929.7288578,28490940.1626
4,14,70,0,70,70009,070009,Campolieto,,0,20226.5752976,24992605.5697
4,14,70,0,70,70012,070012,Casalciprano,,0,19822.9571298,19790894.8877
4,14,70,0,70,70013,070013,Castelbottaccio,,0,16628.2332803,11715935.4181
4,14,70,0,70,70014,070014,Castellino del Biferno,,0,23058.244709,15113477.6588
4,14,70,0,70,70016,070016,Castropignano,,0,22092.9358041,26542759.7139
4,14,70,0,70,70018,070018,Cercepiccola,,0,19105.5209721,16647842.3965
4,14,70,0,70,70019,070019,Civitacampomarano,,0,27362.7639582,38248914.6118
4,14,70,0,70,70022,070022,Duronia,,0,22095.6359207,22731229.3924
4,14,70,0,70,70024,070024,Fossalto,,0,23673.6155119,28739073.7353
4,14,70,0,70,70026,070026,Gildone,,0,25187.0494169,29500700.925
4,14,70,0,70,70027,070027,Guardialfiera,,0,29806.2098115,43115050.4822
4,14,70,0,70,70028,070028,Guardiaregia,,0,32016.5617034,43376553.4672
4,14,70,0,70,70032,070032,Limosano,,0,27310.4390484,28420685.9353
4,14,70,0,70,70033,070033,Lucito,,0,29330.7136745,31367921.6492
4,14,70,0,70,70034,070034,Lupara,,0,21141.844465,25349412.4863
4,14,70,0,70,70035,070035,Macchia Valfortore,,0,26066.4272956,26715144.6059
4,14,70,0,70,70039,070039,Molise,,0,10408.8820228,5079778.02975
4,14,70,0,70,70040,070040,Monacilioni,,0,24540.9100298,27314925.4788
4,14,70,0,70,70044,070044,Montelongo,,0,21516.1870099,12976036.6938
4,14,70,0,70,70045,070045,Montemitro,,0,16954.9329975,16366045.2451
4,14,70,0,70,70047,070047,Montorio nei Frentani,,0,28338.325032,30894495.5229
4,14,70,0,70,70048,070048,Morrone del Sannio,,0,33724.8088349,45919116.7806
4,14,70,0,70,70049,070049,Oratino,,0,16924.8305904,17919044.4442
4,14,70,0,70,70054,070054,Pietracupa,,0,14958.0133788,10033157.1653
4,14,70,0,70,70056,070056,Provvidenti,,0,16916.5234096,14679158.1536
4,14,70,0,70,70058,070058,Ripabottoni,,0,28417.3393666,32169833.3703
4,14,70,0,70,70060,070060,Roccavivara,,0,20229.5967099,21116234.2497
4,14,70,0,70,70062,070062,Salcito,,0,28364.9482555,28168837.4302
4,14,70,0,70,70063,070063,San Biase,,0,13543.862506,12082416.0678
4,14,70,0,70,70066,070066,San Giovanni in Galdo,,0,20379.7706467,19420229.3322
4,14,70,0,70,70067,070067,San Giuliano del Sannio,,0,23660.8992614,23998528.8156
4,14,70,0,70,70070,070070,San Massimo,,0,25319.4559476,27109645.3924
4,14,70,0,70,70071,070071,San Polo Matese,,0,25664.4061043,15388481.2236
4,14,70,0,70,70073,070073,Sant'Angelo Limosano,,0,20365.2311285,16547992.495
4,14,70,0,70,70076,070076,Spinete,,0,16327.1498265,17950627.4405
4,14,70,0,70,70077,070077,Tavenna,,0,25451.2511347,21922257.4778
4,14,70,0,70,70079,070079,Torella del Sannio,,0,20466.9361546,16705360.5478
4,17,76,0,76,76077,076077,San Martino d'Agri,,0,39071.8055112,51116499.9558
4,17,76,0,76,76084,076084,Savoia di Lucania,,0,27859.9106818,32982284.3302
4,17,76,0,76,76087,076087,Teana,,0,21115.8211283,19146148.2044
4,17,76,0,76,76099,076099,Ginestra,,0,24051.3966375,12299318.5746
4,17,77,0,77,77002,077002,Aliano,,0,45370.0779298,98084369.3667
4,17,77,0,77,77005,077005,Cirigliano,,0,19713.8920516,15077119.6162
4,18,78,0,78,78005,078005,Aieta,,0,31199.3983571,48369469.0179
4,18,78,0,78,78008,078008,Altilia,,0,16080.247756,10553808.7447
4,18,78,0,78,78014,078014,Belsito,,0,15057.8424663,10871778.4247
4,18,78,0,78,78020,078020,Buonvicino,,0,25943.6997095,30467565.9453
4,18,78,0,78,78022,078022,Caloveto,,0,19270.0155107,24852157.2628
4,18,78,0,78,78027,078027,Carpanzano,,0,20053.9413651,14947320.9712
4,18,78,0,78,78032,078032,Castroregio,,0,44639.4414995,40819877.6998
4,18,78,0,78,78035,078035,Cellara,,0,13276.8111922,5684848.57257
4,18,78,0,78,78086,078086,Nocara,,0,29117.3942343,33889180.3742
4,18,78,0,78,78092,078092,Papasidero,,0,36768.0469188,55523241.5951
4,18,78,0,78,78096,078096,Pedivigliano,,0,27010.3473303,16662657.8625
4,18,78,0,78,78100,078100,Plataci,,0,31241.7132148,50103212.0558
4,18,78,0,78,78106,078106,Rose,,0,33459.2664187,47106054.2889
4,18,78,0,78,78112,078112,San Benedetto Ullano,,0,20724.4809702,19656045.7162
4,18,78,0,78,78115,078115,San Donato di Ninea,,0,54763.875766,81331333.3456
4,18,78,0,78,78124,078124,San Martino di Finita,,0,28139.5896696,24028647.8189
4,18,78,0,78,78126,078126,San Pietro in Amantea,,0,20189.5640267,9541463.24722
4,18,78,0,78,78129,078129,Santa Caterina Albanese,,0,20922.7277834,17539224.2258
4,18,79,0,79,79002,079002,Albi,,0,37648.7204357,29300120.836
4,18,79,0,79,79005,079005,Andali,,0,25947.9886524,17925333.7031
4,18,79,0,79,79048,079048,Feroleto Antico,,0,31356.1725708,23054529.7435
4,18,79,0,79,79052,079052,Fossato Serralta,,0,23262.8946236,12033481.2968
4,18,79,0,79,79065,079065,Jacurso,,0,28154.031632,21842431.8934
4,18,79,0,79,79083,079083,Motta Santa Lucia,,0,30508.3720187,26548256.9631
4,18,79,0,79,79108,079108,San Floro,,0,25263.1984381,18391925.7939
4,18,79,0,79,79126,079126,Sellia,,0,15080.6293769,12548358.6331
4,18,80,280,280,80002,080002,Agnana Calabra,,0,11843.5000163,8880519.64373
4,18,80,280,280,80004,080004,Antonimina,,0,28524.7771533,22903166.0247
4,18,80,280,280,80011,080011,Bova,,0,31128.7117618,47548245.4152
4,18,80,280,280,80016,080016,Calanna,,0,16105.651409,10930579.8413
4,18,80,280,280,80017,080017,Camini,,0,21665.4354289,17121301.4061
4,18,80,280,280,80020,080020,Canolo,,0,24393.1500049,28258955.5202
4,18,80,280,280,80022,080022,Cardeto,,0,33486.8205397,37279133.9706
4,18,80,280,280,80026,080026,Ciminà,,0,31579.8018821,49251097.1251
4,18,80,280,280,80030,080030,Cosoleto,,0,46378.0541597,35153807.1637
4,18,80,280,280,80034,080034,Fiumara,,0,11230.6914566,6374442.8917
4,18,80,280,280,80041,080041,Laganadi,,0,16182.8861114,8220350.07607
4,18,80,280,280,80047,080047,Martone,,0,27390.7604253,7898842.31104
4,18,80,280,280,80062,080062,Portigliola,,0,13681.5521053,5602352.75013
4,18,80,280,280,80066,080066,Roccaforte del Greco,,0,43417.5105461,43571829.0525
4,18,80,280,280,80072,080072,San Giovanni di Gerace,,0,19982.8049714,13957233.7694
4,18,80,280,280,80077,080077,San Roberto,,0,31681.5760937,35082145.2481
4,18,80,280,280,80080,080080,Sant'Alessio in Aspromonte,,0,8125.93750341,4103252.93961
4,18,80,280,280,80090,080090,Staiti,,0,24112.0989064,15691021.0523
4,18,80,280,280,80091,080091,Stignano,,0,25137.2545615,17507766.9382
4,18,80,280,280,80094,080094,Terranova Sappo Minulio,,0,18568.8821144,9147154.80608
3,9,100,0,100,100001,100001,Cantagallo,,0,49741.0811954,95581821.7964
4,18,102,0,102,102022,102022,Mongiana,,0,22448.0885874,18125604.9795
4,18,102,0,102,102035,102035,San Nicola da Crissa,,0,24560.3884112,19787760.3424
1,1,103,0,103,103001,103001,Antrona Schieranco,,0,41263.9755857,100726689.736
1,1,103,0,103,103043,103043,Massiola,,0,14833.18114,8011783.85842
1,1,103,0,103,103069,103069,Valstrona,,0,48668.2478524,52107033.5973
1,1,103,0,103,103070,103070,Vanzone con San Carlo,,0,21961.1555028,15674812.3179
1,1,103,0,103,103076,103076,Villette,,0,17336.1348021,7689073.32995
1,1,103,0,103,103078,103078,Borgomezzavalle,,0,22701.0808189,19200319.5036
1,1,103,0,103,103079,103079,Valle Cannobina,,0,56748.7936088,54307057.6542
3,11,109,0,109,109012,109012,Monsampietro Morico,,0,16081.0970698,9956165.77551
3,11,109,0,109,109014,109014,Montefalcone Appennino,,0,20705.3637718,15868074.8988
3,11,109,0,109,109015,109015,Montefortino,,0,48053.6463373,78229801.1757
3,11,109,0,109,109019,109019,Monteleone di Fermo,,0,11418.827262,7843472.61096
3,11,109,0,109,109020,109020,Montelparo,,0,18893.6757583,21852348.0202
3,11,109,0,109,109021,109021,Monte Rinaldo,,0,13705.7584941,7705337.2074
3,11,109,0,109,109025,109025,Monte Vidon Combatte,,0,14940.1019201,11363301.7766
3,11,109,0,109,109039,109039,Smerillo,,0,13561.9297725,11630224.5274
2,6,93,0,93,93001,093001,Andreis,,0,22084.1047164,27326382.2861
2,6,93,0,93,93006,093006,Barcis,,0,44854.9700268,103761679.263
2,6,93,0,93,93024,093024,Frisanco,,0,43886.5921688,60580421.0371
2,6,93,0,93,93046,093046,Tramonti di Sotto,,0,49623.3560664,85551809.507
4,14,94,0,94,94001,094001,Acquaviva d'Isernia,,0,19346.6251096,13696006.6014
4,14,94,0,94,94004,094004,Belmonte del Sannio,,0,19186.8070689,21058435.9499
4,14,94,0,94,94005,094005,Cantalupo nel Sannio,,0,16619.659828,15863970.3336
4,14,94,0,94,94009,094009,Castel del Giudice,,0,17950.097944,14848158.5098
4,14,94,0,94,94011,094011,Castelpizzuto,,0,16337.8732702,15400177.4207
4,14,94,0,94,94012,094012,Castel San Vincenzo,,0,24585.9412179,21796242.2001
4,14,94,0,94,94013,094013,Castelverrino,,0,10794.7474671,6146922.06189
4,14,94,0,94,94014,094014,Cerro al Volturno,,0,24816.2586554,23449323.0498
4,14,94,0,94,94015,094015,Chiauci,,0,16459.8050196,15748461.6567
4,14,94,0,94,94018,094018,Conca Casale,,0,17276.5507493,14576404.8331
4,14,94,0,94,94019,094019,Filignano,,0,37972.7768151,30642752.4189
4,14,94,0,94,94024,094024,Longano,,0,23316.006768,27303349.5874
4,14,94,0,94,94033,094033,Pescopennataro,,0,19809.0442252,19123237.183
4,14,94,0,94,94034,094034,Pettoranello del Molise,,0,18720.2597,15737787.9141
4,14,94,0,94,94036,094036,Pizzone,,0,28223.3617338,33729731.4709
4,14,94,0,94,94041,094041,Roccasicura,,0,23779.372023,29041627.6794
4,14,94,0,94,94044,094044,Sant'Agapito,,0,17171.7870188,16067852.3814
4,14,94,0,94,94045,094045,Santa Maria del Molise,,0,26380.2875059,16977482.5338
4,14,94,0,94,94047,094047,Sant'Elena Sannita,,0,18899.876056,13956718.6677
1,1,96,0,96,96008,096008,Callabiana,,0,19088.9514141,5794826.53415
1,1,96,0,96,96023,096023,Curino,,0,20998.7036806,21989865.4389
1,1,96,0,96,96024,096024,Donato,,0,20941.3493016,12035855.806
1,1,96,0,96,96027,096027,Gifflenga,,0,6157.54236177,2373666.31898
1,1,96,0,96,96030,096030,Magnano,,0,15958.5218572,10404425.7685
1,1,96,0,96,96031,096031,Massazza,,0,15909.7424562,11644422.0828
1,1,96,0,96,96039,096039,Netro,,0,15645.6733292,13100195.0855
1,1,96,0,96,96044,096044,Piedicavallo,,0,20668.9734633,18095097.5941
1,1,96,0,96,96054,096054,Roppolo,,0,15517.1039362,8170017.6154
1,1,96,0,96,96057,096057,Sala Biellese,,0,13094.4592149,8134701.59726
1,1,96,0,96,96067,096067,Ternengo,,0,5706.06327759,1885185.6936
1,1,96,0,96,96069,096069,Torrazzo,,0,11873.3443723,5549651.53094
1,1,96,0,96,96079,096079,Villanova Biellese,,0,13056.4242674,7943950.02013
1,3,97,0,97,97027,097027,Crandola Valsassina,,0,16465.5448446,8899158.36955
1,3,97,0,97,97093,097093,Valvarrone,,0,28474.2438134,14572518.3912
1,3,98,0,98,98001,098001,Abbadia Cerreto,,0,14774.6439392,6585235.96166
1,3,98,0,98,98023,098023,Cornovecchio,,0,12061.4530603,6481816.8586
1,3,98,0,98,98033,098033,Maccastorna,,0,10177.1158032,5360894.34321
1,1,103,0,103,103004,103004,Arola,,0,10803.4947062,6749701.61107
1,1,103,0,103,103005,103005,Aurano,,0,22953.2660214,21102633.0306
1,1,103,0,103,103007,103007,Bannio Anzino,,0,30754.4582738,39188564.7077
1,1,103,0,103,103018,103018,Caprezzo,,0,11985.9669959,7208597.10549
1,1,103,0,103,103021,103021,Ceppo Morelli,,0,29080.6278811,40271211.4265
1,1,103,0,103,103031,103031,Formazza,,0,53649.1510298,131115805.143
1,1,103,0,103,103032,103032,Germagno,,0,8356.43983597,2892346.29801
1,1,103,0,103,103036,103036,Gurro,,0,16236.4717898,13630694.8236
1,1,103,0,103,103037,103037,Intragna,,0,17697.1566978,9878379.25617
1,1,103,0,103,103038,103038,Loreglia,,0,13908.6393314,9414637.07564
1,1,103,0,103,103039,103039,Macugnaga,,0,40625.3608175,100256158.813
2,8,99,0,99,99009,099009,Montegridolfo,,0,12227.1011275,6971962.99135
2,8,99,0,99,99015,099015,Saludecio,,0,33146.6591956,34410662.7202
2,8,99,0,99,99021,099021,Casteldelci,,0,34879.1987046,49910470.9315
2,8,99,0,99,99022,099022,Maiolo,,0,22788.4948467,23946787.4655
5,19,83,283,283,83021,083021,Fiumedinisi,,0,38180.2257721,35534357.4331
5,19,83,283,283,83002,083002,Alì,,0,20884.4002193,16138553.7583
5,19,83,283,283,83012,083012,Casalvecchio Siculo,,0,30722.3827899,34023816.6714
5,19,82,282,282,82039,082039,Giuliana,,0,27586.9607308,23969202.6612
5,19,82,282,282,82040,082040,Godrano,,0,31069.7029894,39337277.531
5,19,82,282,282,82066,082066,Santa Cristina Gela,,0,41786.4376963,38794897.6395
5,19,82,282,282,82069,082069,Sclafani Bagni,,0,106251.685633,136061967.052
5,19,83,283,283,83045,083045,Mandanici,,0,15553.4605571,11967743.0039
5,19,83,283,283,83058,083058,Motta Camastra,,0,21264.0122372,25759724.9521
5,19,83,283,283,83071,083071,Roccafiorita,,0,5853.108841,1197996.33113
5,19,82,282,282,82016,082016,Campofelice di Fitalia,,0,29025.6055214,34741439.4306
5,20,111,0,111,111037,111037,Las Plassas,,0,14343.5084338,11003360.2323
5,20,111,0,111,111080,111080,Setzu,,0,15119.4370343,7795721.6951
5,20,111,0,111,111024,111024,Genuri,,0,10903.6798717,7573448.56783
5,20,111,0,111,111029,111029,Goni,,0,21582.751895,18753956.0749
5,20,90,0,90,90040,090040,Monteleone Rocca Doria,,0,17923.3999203,13343710.2069
5,20,95,0,95,95071,095071,Villanova Truschedu,,0,23401.8873686,16975088.2857
5,20,95,0,95,95073,095073,Villa Verde,,0,21616.631461,17750731.6361
5,20,95,0,95,95078,095078,Soddì,,0,9156.21637612,5262601.05602
5,20,95,0,95,95084,095084,Modolo,,0,6985.82435216,3010761.40338
5,20,95,0,95,95086,095086,Sagama,,0,13758.8919812,11840473.5091
5,20,91,0,91,91068,091068,Osidda,,0,22929.3040828,26065945.6347
5,20,91,0,91,91050,091050,Noragugume,,0,23700.8680393,26775932.0922
5,20,91,0,91,91058,091058,Onanì,,0,44447.1466521,71152206.7356
5,20,91,0,91,91090,091090,Teti,,0,32740.8306302,43993052.3341
5,20,91,0,91,91104,091104,Lodine,,0,11410.5725301,7984166.62559
5,20,90,0,90,90066,090066,Semestene,,0,28131.9420383,39610088.6991
5,20,95,0,95,95010,095010,Baradili,,0,10131.1819154,5721119.65925
5,20,95,0,95,95016,095016,Boroneddu,,0,10818.2577832,5005725.0849
5,20,90,0,90,90014,090014,Bortigiadas,,0,45905.5684393,75414911.3002
5,20,90,0,90,90015,090015,Borutta,,0,10503.6668948,4745668.66083
5,20,95,0,95,95034,095034,Nughedu Santa Vittoria,,0,22287.5826735,28391314.7544
5,20,90,0,90,90024,090024,Cheremule,,0,31704.0536147,24587735.292
5,20,95,0,95,95036,095036,Nureci,,0,16988.9949582,12894831.7517
5,20,95,0,95,95040,095040,Pau,,0,16209.6487663,13836416.7592
5,20,95,0,95,95042,095042,Pompu,,0,9872.23774639,5286021.95059
5,20,95,0,95,95048,095048,Villa Sant'Antonio,,0,18821.0018731,19437653.9926
5,20,95,0,95,95055,095055,Sennariolo,,0,17999.668914,15870649.9204
5,20,95,0,95,95061,095061,Siris,,0,9639.90840411,6089745.97144
5,20,95,0,95,95064,095064,Tadasuni,,0,12162.8129295,5171635.74268